extension,count
dpx,320345373
tif,91320520
jpg,8659368
CR2,5348685
pdf,3000017
xml,976461
txt,503921
doc,497236
.tif,464030
(none),441456
xmp,418691
xinfo,377508
wav,330405
png,282146
(none),274624
qua,272558
.dpx,269514
SID,225414
xdispatch,207321
lvl,197881
sha1,191647
mxf,162885
mp4,159968
GIF,137782
plist,133959
mp3,132847
DBF,116330
NEF,113694
rtf,110663
gz,106711
docx,93969
SAM,93700
mov,90698
dd,77240
dng,73854
MSG,60426
xlsx,59316
opex,58180
onix,49821
odt,45674
bmp,38107
BAK,35559
html,33585
xls,30412
XIP,30387
eml,28668
wmv,26408
db,26000
epub,25754
dll,25374
log,25186
wpd,24265
jpeg,23525
STY,22767
WK3,21673
WR1,21588
WK4,21171
FM3,20671
DS_Store,20523
e00,19721
md5,18265
htm,17893
exe,17432
ini,16559
tmp,16464
SMM,16018
dat,15013
noindex,13647
IRS,12871
SMI,12551
M,11948
CJ,11188
HLP,11155
emz,10826
wmz,10179
LET,10097
SAV,9935
ZIP,9595
CDX,8826
ASP,8609
.pdf,8101
ALL,7727
frf,7651
MTS,7376
CPI,6829
INC,6750
ods,6653
QPR,6348
RUN,6276
properties,6127
MAC,6031
LST,5837
js,5482
THM,5424
FXP,5165
FRX,5131
FRT,5102
RAF,5043
Z,4691
SCR,4348
m4v,4042
csv,4013
DIR,3867
2,3801
BAT,3714
MEM,3577
COM,3552
QST,3378
RUL,3312
BK!,3299
php,3298
sp,3258
lrprev,3160
GRP,3148
LTR,3049
MDM,3010
CUR,2990
DL_,2960
QSD,2959
QEL,2943
QDI,2922
PUB,2907
QDT,2904
WK1,2895
css,2894
QMT,2892
QNX,2892
srt,2836
bkg,2809
TTF,2770
1,2715
fcpevent,2675
BIM,2674
PPN,2674
CFG,2626
DRV,2491
int,2473
dfxp,2447
ASC,2351
PLT,2339
avi,2320
DIB,2318
vcf,2304
flv,2283
OVL,2281
INF,2202
REL,2172
sas,2145
PIF,2134
FAX,2095
PBM,2088
shadowInde,2082
SKO,2071
INV,2053
FR,2047
1,2041
ppt,2023
DBT,2007
BIN,1962
BMT,1932
REP,1906
sdw,1903
TKS,1873
RIN,1837
FOT,1813
WT4,1800
CON,1779
QMD,1777
mcdb,1762
QDB,1758
pptx,1756
CHK,1737
FLT,1686
sdb,1664
scj,1661
MMO,1650
gst,1635
ps1,1618
TBL,1585
PGU,1572
BridgeSort,1537
IDX,1532
mpgindex,1528
pps,1522
info,1521
FDS,1519
json,1510
wps,1480
MO,1479
FIN,1470
MPO,1446
MSS,1437
SYS,1434
casc,1412
AST,1411
FPT,1402
CIM,1378
dav,1377
3,1365
RI,1360
fon,1348
NTX,1347
CLS,1342
module,1338
layout,1291
mht,1257
old,1233
NSF,1211
FMB,1206
QDF,1189
HCX,1181
QPH,1181
NLM,1164
tiff,1162
jud,1160
FMT,1153
LTD,1149
wma,1146
mpeg,1129
N28,1124
DOT,1115
WRI,1110
LT1,1095
DEG,1079
LJB,1076
lt,1071
2,1067
CHN,1057
MAS,1053
gem,1043
DTF,1035
ENG,1004
NOT,999
dic,986
O10,984
D12,977
A23,977
PRG,970
CNF,961
G14,960
R67,948
sha512,944
4,937
FCH,926
S96,919
SIN,918
SYM,917
D04,914
386,914
T48,912
sc2,908
indexPosit,907
C19,903
test,900
K22,900
C07,900
H28,900
SVE,899
REC,898
SDF,898
SKF,896
1S2,894
coo,894
QPX,894
PAR,894
M12,892
tr,889
N09,888
M96,888
W22,888
T37,888
L18,884
P58,876
M95,876
C15,873
T91,870
E12,867
S25,867
A06,866
CE,865
G09,864
1S1,860
I03,852
U10,852
0S3,852
P64,852
R10,852
C98,852
F46,852
PLN,851
PRN,849
B84,846
F60,840
K21,840
C46,840
FIL,836
A45,834
mrk,833
01C,831
E20,828
L45,828
K31,828
D28,828
P38,828
K07,828
T71,828
ICO,826
C75,824
L19,818
T90,816
P94,816
E16,816
L25,810
S03,806
url,806
WMF,805
40C,804
M43,804
C30,804
S61,804
M99,804
G38,804
N40,804
lock,800
L26,797
16C,792
STR,789
pek,788
A99,780
V13,780
R44,780
S,780
18C,780
A80,780
PRE,773
ORG,762
D45,756
install,756
L02,756
RC,752
lnk,749
3,749
tif$$$Scan,746
D94,744
34S,732
LM,726
fcpproject,725
crd,723
E,722
psd,721
nts,716
5,713
shadow,704
L94,701
N,696
MDB,690
svg,687
I94,684
FC1,683
.jpg,678
tar,676
IOM,672
J,671
44C,666
AD,664
PCL,662
AP,659
ignored,655
NTF,650
bn,649
P10,648
A,645
XYZ,642
d,635
E15,624
RAM,618
rp,616
Q,607
COD,605
lmo,602
prc,601
SPA,589
fml,586
ai,585
APR,580
TDR,578
cf,577
ORD,576
I93,576
sp2,573
QUE,571
gly,567
PAL,566
V06,564
EX_,555
r,553
A34,552
LAN,548
RES,547
B,545
sheet,543
NDX,543
pfm,540
IN_,540
dwg,524
mso,522
fre,518
MIN,517
ADV,517
PCD,516
F40,516
PR,515
CMP,505
LDO,498
sh,498
6,497
indexIds,494
LSN,492
iti,491
B66,486
BDM,482
MAP,480
xps,480
class,478
indexHead,477
indexArray,477
indexPosti,477
indexDirec,477
indexCompa,477
indexGroup,477
directoryS,475
avl,474
7,472
DSK,462
rcl,461
RIF,456
FNT,449
indexUpdat,449
DEC,448
DA,448
updates,434
F05,432
in2,432
indexTermI,430
CAL,429
t,428
bk_,428
FRM,426
bk,426
ENT,426
created,425
xlsm,423
QID,419
ADD,419
mni,418
CJC,417
HL_,416
MAG,416
0,410
pfb,409
PRF,403
CAT,402
JPC,402
APP,398
reg,398
JPE,398
KLV,395
SET,393
ITN,393
MRG,391
SML,389
fw2,386
unl,386
INK,384
PXL,384
STZ,384
ABR,376
RBF,374
MPL,374
95,372
LUM,372
EIR,372
8,371
CNT,370
C,370
LIE,367
BK1,363
MAR,359
ldb,358
SM1,357
10,355
PRO,353
94,353
REV,352
ACT,351
H15,348
OS2,346
edi,346
MM,346
G92,342
4,340
CLN,338
cfa,337
TIP,336
FP,336
ACK,335
wp6,332
L,331
amr,330
dbx,329
DOS,329
P,327
qa,326
SKI,325
33,324
WP,324
S89,324
C78,324
08M,324
tno,322
CAN,321
32,321
L93,321
9,321
31,319
leg,317
COL,315
ch,315
WPF,314
T05,312
fma,312
mpg,309
val,307
fnl,304
01S,300
xx,299
34,298
92,298
46,297
pm,296
41,295
P00,295
39,294
ERR,293
358,293
mmm,293
45,292
NO,292
49,291
47,291
44,291
61,289
ON,289
KML,288
WIN,287
rpt,286
LAM,286
ADX,285
DIA,285
CAB,284
81,284
NOV,282
mld,280
351,278
drf,278
arm,278
93,277
eps,277
G65,276
18,276
may,275
PM_lock,275
5,275
KEY,274
13,273
11,273
TPS,273
rm,273
WDR,272
POL,271
y,271
JAN,271
di,270
jpf,269
crt,269
chp,267
BRF,266
DTA,266
jun,265
30,265
hdo,265
SKS,263
HDR,258
ART,257
SEP,254
CO_,254
96,254
LIN,254
G,254
PLB,251
STA,250
mrc,249
20,247
MNU,246
DES,245
docm,245
CPL,245
or,245
NP,244
qp,240
tax,240
.mp4,240
SPC,238
.xml,238
.mxf,238
ME,237
uc,237
REF,236
sib,235
djvu,235
OCT,234
pjm,234
8,233
F,233
loc,232
lc,231
aif,229
STD,229
SCX,228
SCT,228
EXP,227
L00,227
6,226
X,226
DDD,224
SKP,223
def,223
ICS,222
FX,221
PRI,221
12,219
state,217
DV,217
89,216
Lion,215
H,212
SnowLeopar,211
PIC,210
VBX,210
ras,210
JP,210
ix,210
cel,209
nol,208
7,207
successful,207
replace,206
d_64,206
inglis,206
replace2,206
INS,205
key2,205
PWL,204
fdr,204
sc3,202
NLS,200
scss,200
SPE,199
DB_,198
LIS,198
sp3,196
FEB,195
WPG,195
24,194
TAG,194
NEW,193
QRS,193
VIR,192
XLA,192
J25,192
11,192
EDR,192
BCF,191
12,190
mmt,190
K,189
attr,189
17,188
VR2,188
14,186
sld,185
tx,185
checksums,183
RSL,182
19,181
10,181
BMX,180
BRT,180
ER,180
MS_,180
SGA,180
MED,180
lab,179
9,178
m4a,178
CAP,178
tlb,177
WA,176
var,175
ls,175
pst,175
ocl,173
po,173
DMT,173
90,172
JUL,172
tor,170
MID,170
lhd,170
OUT,170
f23,169
22,169
16,169
ENV,168
25,168
scssc,168
CMD,167
prproj,167
AUG,167
105,166
W31,166
TOK,165
MOD,165
in1,165
21,165
scc,165
FC2,164
cd,164
TV1,163
in3,162
AUD,160
15,160
1,159
RCM,159
cif,158
J24,158
cor,158
HIS,158
BV1,157
TDI,156
TV,156
13,156
15,156
VXD,155
SC1,155
16,154
RND,154
VIA,153
sl,153
IND,153
NAW,152
d_78,151
I,150
open,150
MP2,150
m22,150
ASF,149
28,149
BUD,148
DID,148
19,147
MER,145
gen,145
ott,145
TT_,144
_2010-06-2,144
shtml,142
O,142
ANI,142
29,141
D15,141
X01,140
V,140
mfi,140
J19,139
grf,139
VLM,138
TST,138
EX,138
3gp,138
23,138
FRN,137
msf,136
mcvideoind,136
prt,136
s43,136
14,135
17,135
27,134
26,134
D19,132
FCB,132
KH,132
MEE,129
DEM,129
ISO,129
sic,128
SCP,128
US,128
fcp,127
moef,127
AIR,127
stu,126
NL_,126
N23,126
IMM,126
SKB,126
car,125
ws,125
fra,123
_2010-06-1,123
DAK,122
D20,122
f93,122
QIF,122
N25,121
PDD,121
f07,120
ST,120
2,120
JOB,120
BAS,119
18,119
MTG,119
less,119
91,119
J12,118
pml,117
mlm,117
LEX,117
A11,116
ADM,116
20,116
SRC,116
TEL,115
cdr,114
F3,114
_2010-04-2,114
31,114
p2m,114
F7,114
ang,114
AFF,113
j20,112
AR,112
s30,112
MDG,112
N30,112
Y14,111
TGA,111
95,110
ACC,110
COV,110
TAB,110
CPY,109
S01,109
ANN,109
swf,109
pfc,108
M13,108
_2009-06-1,108
XTP,108
55,108
88,108
vsd,107
indd,107
DAI,107
EXT,106
inp,106
BLT,106
N24,105
D14,105
FOR,105
sp1,105
f14,105
GRK,105
DOTX,104
cha,104
AGR,104
IMG,103
_2010-05-1,102
jpg_,102
DIS,99
F15,98
BIO,98
ntb,98
OR2,98
XLT,98
NS,98
3GR,98
98,97
md,96
MST,96
D1,96
DON,96
CCF,96
TSK,96
$DB,96
SFP,96
rw,96
FO_,96
PCX,95
P08,95
CUT,95
177,95
ra,95
d22,95
OVR,94
238,94
xsp,94
EMAILS,94
MMF,94
xts,94
GER,93
droid,93
sps,93
_2009-05-2,93
NT,93
le,92
mpp,92
SEQ,92
W,92
HVL,92
sql,92
ben,91
ASS,91
SYN,91
wbk,91
WIZ,90
LIC,90
_2010-03-1,90
a04,90
FXD,90
EGA,90
pages,90
97,90
CRW,90
PS,89
FRP,89
RST,89
re,88
sue,88
rs,88
TWO,88
REQ,88
agf,88
CNV,88
BIL,88
agx,88
_2009-10-0,87
RPL,87
SHD,87
TE,86
download,86
DCT,85
per,85
TY,84
XLW,84
_2009-10-2,84
_2010-05-0,84
21,84
dc,84
ERE,84
22,84
s95,83
D8,83
EST,83
aspx,83
A3,83
m2p,83
RSN,83
mbx,82
tp,82
m23,82
_2010-09-2,81
NFO,81
P09,81
TBK,81
d06,80
2in,80
TC,80
j30,80
DR,80
65,79
sch,79
D7,79
75,79
BR,79
odp,79
DFT,78
A12,78
KAO,78
WA_,78
LA_,78
ES,78
ROB,78
J11,78
26,78
HPS,78
SEN,78
A5,77
oda,77
IN,77
6,77
pix,77
FTS,77
BLK,76
0,76
WR,76
237,76
PRS,76
S18,76
thk,76
_2009-09-1,75
_2010-06-0,75
BK2,75
JE9,75
_2010-05-2,75
_2010-04-1,75
MET,75
C40,75
pc,75
61,75
bc,75
ONT,75
CN_,74
NCF,74
TRE,74
WPM,74
RT,74
ppsx,74
JUS,74
and,74
TIO,74
F13,74
php3,73
icns,73
se,73
85,73
vgr,73
j21,73
en,73
SHO,73
ION,73
POR,73
lay,72
aep,72
hou,72
_2010-03-0,72
!42,72
DL$,72
an,72
_2010-11-1,72
DIN,72
CGM,71
40,71
CM,71
9,71
DAN,71
149,71
192,71
M31,70
J18,70
ICN,70
202,70
tra,70
BMK,70
ds,69
_2010-10-0,69
USE,69
am,69
orm,69
136,69
_2010-01-1,69
USR,69
~IN,69
ed,69
nam,68
sec,68
j23,68
BW,68
25,68
DZA,67
modified,67
LIF,67
D11,67
j22,67
ren,66
TCM,66
LBT,66
O17,66
LBX,66
TVC,66
DSL,66
AGM,66
mpm,66
WIT,66
_2006-02-2,66
MRS,66
D16,65
LIB,65
OFF,65
MS,65
54,65
OH,65
N16,65
DZZ,64
PRD,64
ASSETMAP,64
LBL,64
nb,64
otf,64
79,64
_2009-01-2,63
bar,63
24,63
NE,63
ret,63
PRV,63
tcz,63
in4,63
OP,63
de9,63
_2010-08-1,63
_2006-03-2,63
MIC,63
_2010-12-0,63
L09,63
FAC,63
f16,62
5,62
C12,62
TER,62
van,62
al,62
E22,62
em,62
MAI,62
cba,62
m21,62
MEN,62
sp4,62
23,62
manifest,61
UK,61
bp,61
RIC,61
L08,61
LGO,61
cl,61
rea,61
USA,61
ATT,61
118,61
XLM,60
28,60
WZS,60
EMU,60
_2010-10-2,60
2GR,60
EMP,60
trs,60
DNE,60
_2006-05-0,60
UIC,60
scn,60
ml,60
D13,60
J17,60
N18,59
3,59
xst,59
bic,59
ND,59
RB,59
u,58
SR2,58
lp,58
RLE,58
MON,57
_2009-12-0,57
H21,57
m27,57
WM,57
_2009-02-1,57
SW,57
_2007-02-2,57
DBD,57
AP1,57
AUS,57
_2007-02-1,57
F1,57
WRK,57
LY7,57
mbm,57
_2007-02-0,57
CV,57
SUP,56
V10,56
w95,56
50,56
config,56
son,56
27,56
mtl,56
embargo,56
OPT,56
SUM,56
PS2,55
SKM,55
msw,55
P14,55
S12,55
ng,55
29,55
S27,55
lck,54
dd_,54
_2009-11-0,54
_2006-10-1,54
lf,54
_2007-10-1,54
_2010-01-2,54
f22,54
_2007-03-2,54
pk2,54
_2006-10-2,54
MH7,54
GID,54
oly,54
LNG,54
IS,54
_2008-11-1,54
JC,53
a30,53
TAC,53
ers,53
301,53
fed,53
a13,52
EX1,52
GE,52
MAN,52
ASK,52
day,52
JOH,52
TTL,52
roy,52
_2009-12-1,51
amb,51
sop,51
_2008-06-1,51
103,51
_2009-06-0,51
_2008-07-0,51
sf,51
_2007-10-2,51
cld,51
_2010-04-0,51
69,51
o-u,50
ubc,50
n04,50
wlmp,50
LL,50
DYL,50
OCX,50
VX_,50
hof,50
np2,50
f94,50
SO,49
AU2,49
VID,49
jug,49
ONE,49
ja,49
tom,49
RY,49
hwp,49
thx,48
J10,48
PAG,48
LOU,48
AFL,48
_2007-06-0,48
MH9,48
potx,48
_2009-05-0,48
49a,48
_2010-08-0,48
_2010-12-1,48
orl,48
sc4,48
_2009-08-1,48
DR_,48
!45,48
shtml_x_55,48
mme,48
_2010-03-2,48
DXX,47
EC8,47
top,47
TRN,47
TRM,47
m16,47
TRI,47
AU1,47
hs,47
O27,47
v40,47
anx,47
4,47
MY3,46
RON,46
vtx,46
163,46
xtk,46
Y11,46
IA,46
TBA,46
30,46
EVE,46
GRA,46
wht,46
ID,46
RMA,46
m15,46
mot,46
447,45
_2010-02-2,45
_2009-09-2,45
rem,45
RPD,45
_2006-05-1,45
_2010-11-0,45
_2009-05-1,45
PG1,45
_2007-05-0,45
_2006-12-1,45
E10,45
orf,45
_2010-08-2,45
RESX,45
f10,45
E21,45
PG2,45
_2007-05-1,45
RSP,45
MH1,45
_2009-03-1,45
_2010-09-0,45
_2010-02-1,45
LBR,44
AG1,44
dun,44
250,44
POLICY,44
mp,44
a14,44
BIA,44
ma,44
ble,44
D2,44
bus,44
awx,44
HST,43
lyr,43
O28,43
PRJ,43
OBJ,43
TUR,43
a2,43
aiff,43
SHT,43
pcc,43
POS,43
TPL,43
JN6,42
A24,42
_2009-08-2,42
_2008-06-2,42
a18,42
mth,42
LAV,42
FSF,42
_2006-06-2,42
TUT,42
P19,42
veh,42
_2008-03-0,42
vec,42
_2009-04-2,42
_2009-03-2,42
R00,42
_2010-11-2,42
_2008-12-1,42
f21,42
m24,42
_2010-07-0,42
p_h,42
CHG,42
_2007-01-2,42
FLO,42
P12,42
DIL,42
search-ms,42
ACM,42
~BA,42
o20,42
AS,41
CTL,41
MDX,41
ndp,41
pr2,41
UPD,41
sas7bdat,41
ste,41
ts,41
8,41
SWP,41
A4,41
m29,41
d34,40
m28,40
n08,40
A26,40
make,40
dri,40
ort,40
m02,40
shtml_AA_E,40
A17,40
SYD,40
eec,40
pl,40
j06,40
a27,40
NLP,40
JM,40
nsp,39
M14,39
R28,39
_2008-12-0,39
HD,39
KRC,39
EDC,39
_2009-11-2,39
_2009-07-0,39
_2009-06-2,39
_2008-04-0,39
_2007-12-1,39
pra,39
Wh,39
ATS,39
EMC,39
nte,39
_2006-09-2,39
PKG,39
SPL,39
ATE,39
DIY,38
JL,38
mn,38
CIT,38
pr1,38
qxp,38
TFT,38
bb,38
lcs,38
f27,38
63,38
STP,37
IBM,37
chi,37
f01,37
de,37
pa,37
SC,37
ian,37
gm,37
n22,37
HON,37
MB,37
nqa,37
LSM,36
tm,36
strings,36
_2006-06-0,36
NET,36
BNW,36
S29,36
_2008-04-1,36
_2007-06-1,36
idml,36
_2008-08-1,36
_2007-04-2,36
_2010-09-1,36
CP_,36
HEP,36
SWE,36
QSV,36
CEN,36
ATL,36
_2006-12-0,36
_2006-11-0,36
_2006-05-2,36
ABT,36
DER,36
WAR,36
HPL,36
IST,36
RD,36
KYO,36
7,36
nib,36
PRZ,36
_2010-10-1,36
DJT,36
_2008-02-0,36
uni,35
pay,35
pan,35
CRS,35
WIL,35
jfif,35
O03,35
KB,35
CCA,35
MY1,35
GOV,35
xlsb,35
GG,35
f92,35
TBT,35
DFP,35
bro,35
n29,34
srs,34
OC2,34
dbc,34
S1,34
ay,34
NOR,34
pt,34
m30,34
s15,34
m20,34
s28,34
ntc,34
HPM,34
VOLINDEX,34
JA7,34
ANA,34
TBI,34
_2010-02-0,33
a15,33
D05,33
pas,33
laf,33
_2007-11-0,33
A1,33
ME1,33
cgi,33
dcz,33
hn,33
_2009-07-2,33
_2009-11-1,33
n00,33
FRS,33
_2008-05-1,33
JE4,33
OUR,33
L11,33
_2008-11-2,33
_2009-10-1,33
N19,33
mc,32
PV,32
DII,32
37,32
33,32
DFF,32
ons,32
pgm,32
mlb,32
bcc,32
JA5,32
QQ,32
pit,32
ag,32
a03,32
O12,32
pac,32
lle,32
aba,32
RSD,32
shtml_x_59,32
LRV,32
DB1,31
RSC,31
CER,31
do,31
nat,31
D01,31
jr,31
maj,31
mes,31
MRL,31
CK,31
RGE,30
m08,30
_2006-11-2,30
CMZ,30
204,30
ld,30
fde,30
_,30
_2007-11-2,30
ve,30
E01,30
MY9,30
U17,30
P21,30
G30,30
TNV,30
flac,30
LEN,30
_2006-01-1,30
_2008-02-2,30
o11,30
S17,30
_2007-06-2,30
_2009-04-0,30
btr,30
D08,30
gun,30
Y10,30
H16,30
F26,30
130,30
PTR,30
cda,30
_2006-06-1,30
gs,30
_2008-06-0,30
age,30
nr,30
S19,30
F19,30
jp2,30
tha,30
s13,30
EX2,30
_2007-01-1,30
_2006-09-1,30
LES,30
_2009-02-2,30
_2008-05-0,30
phi,29
Q&A,29
ft,29
LEA,29
bal,29
ing,29
36,29
cvr,29
ss,29
ill,29
WP5,29
CA,29
RJ,29
fnd,29
SKD,29
indexBigDa,29
PSA,29
ROM,29
NT2,29
E19,29
searchconn,29
NUM,28
STS,28
A31,28
fo,28
nac,28
151,28
2ND,28
th1,28
IFO,28
bg,28
cau,28
wk,28
FLY,28
DIV,28
EMR,28
patch,28
IRE,28
PG,28
FG,28
mt,28
SA,28
jd,28
TRU,27
p1,27
cbc,27
MUS,27
INL,27
CPS,27
BAC,27
_2007-07-1,27
N17,27
_2007-09-2,27
TIC,27
Y15,27
DT2,27
ber,27
MIL,27
P30,27
_2007-03-0,27
53,27
jh,27
L24,27
INM,27
CHM,27
WLD,27
_2005-12-0,27
_2006-11-1,27
INB,27
C18,27
bib,27
chr,27
O18,27
_PRUNNER,27
crdownload,27
MDA,27
_2007-04-1,27
_2006-10-0,27
AY2,27
co,27
MH3,27
_2008-02-1,27
oka,27
mik,27
F25,27
m18,27
_2008-01-2,27
PEI,27
JSP,27
cmm,27
_2007-07-0,27
_2005-12-1,27
Y28,27
cde,27
P26,27
SER,26
f20,26
E&Y,26
s21,26
cw,26
j28,26
bok,26
ASD,26
uot,26
TDL,26
cs,26
j-2,26
il,26
NCD,26
PAU,26
MIB,26
JIM,26
STC,26
tin,26
DA_,26
m2v,26
Y17,26
TB,26
OV1,26
apl,26
eas,26
wpl,26
BOU,26
cio,26
thmx,26
TDS,26
rei,26
wom,26
BEL,26
sp5,26
j27,26
210,26
DUT,25
PF,25
cc,25
stf,25
pet,25
p-1,25
ech,25
BROWSER,25
ARK,25
85,25
abc,25
you,25
GL,25
DVP,25
ax,25
A16,25
N15,25
HYP,25
RAN,25
woff,25
fr2,25
RBT,25
fc,25
AP8,25
mul,24
hel,24
_2008-04-2,24
nme,24
_2009-03-0,24
AEX,24
ccm,24
ke,24
3in,24
MR,24
_2007-08-2,24
_2008-05-2,24
IBP,24
252,24
SFL,24
153,24
CSF,24
U18,24
rls,24
QIC,24
LGV,24
RLT,24
bir,24
hoc,24
_2006-03-0,24
_2009-01-0,24
E13,24
Y13,24
65S,24
OV2,24
SCD,24
UMB,24
HW1,24
v1,24
AN_,24
_2009-04-1,24
H17,24
O26,24
kmu,24
Y31,24
46S,24
ANC,24
50S,24
law,24
O24,24
H18,24
shtml_x_46,24
Y22,24
ub,24
S2,24
a28,24
ug,24
cga,24
shtml_x_37,24
TX_,24
VLS,24
64S,24
_2008-11-0,24
tnx,24
RIP,24
PP_,24
EDT,24
56S,24
63S,24
_2009-02-0,24
NYT,24
HI1,24
_2009-01-1,24
TSS,24
44S,24
MVB,24
LOD,24
FBA,24
LUN,24
45S,24
a25,24
DDF,24
S11,24
LS_,24
SFC,24
HP_,24
TCS,24
ac,24
si,24
_2007-11-1,24
j13,24
_2010-05-3,24
RED,23
LAT,23
icm,23
115,23
1fr,23
ACL,23
51,23
49,23
DOR,23
dt,23
wed,23
nsh,23
stm,23
rmd,23
LUB,23
UP,23
SEL,23
holidays,23
et,23
ick,23
hrd,23
xsd,23
JAS,23
pmm,22
rg,22
WES,22
ki,22
aw,22
m04,22
LR,22
SLV,22
to,22
dio,22
alt,22
125,22
BNP,22
TR2,22
m19,22
j16,22
!46,22
JY8,22
fdf,22
CAS,22
GAG,22
BridgeLabe,22
GRB,22
THS,22
gitignore,22
pse,22
wt,22
A01,22
PG4,22
RTS,22
bdy,22
FST,22
SHH,22
PG3,22
f95,22
161,22
lt2,22
MPS,22
BUP,22
exc,22
pq,22
38,22
mi,22
han,22
JE1,22
d21,22
JE2,22
n01,22
a20,21
_2008-03-1,21
_2006-01-0,21
pen,21
Y19,21
_2008-01-1,21
13A,21
CBT,21
DVC,21
_2007-03-1,21
50,21
MY7,21
wch,21
HAR,21
N13,21
48,21
pat,21
clk,21
J15,21
TAP,21
LAC,21
90,21
_2007-08-1,21
LA,21
TR1,21
_2007-05-2,21
_2009-09-0,21
RAD,21
AB,21
LAS,21
GL2,21
wp2,21
VOB,21
_2008-08-2,21
SAF,21
_2010-03-3,21
TSP,21
CUS,21
guy,21
DYN,21
3n,21
oui,21
cla,21
jdg,21
lcd,21
_2006-07-0,21
F28,21
_2009-08-0,21
BKS,21
42,21
MY8,21
CHQ,21
FUL,21
CC1,21
lon,21
_2007-12-0,21
ton,21
taf,21
jg,21
C-4,21
gj,21
m05,20
HOM,20
PHO,20
FAP,20
ted,20
a07,20
ure,20
270,20
th,20
SCM,20
o25,20
NA,20
el,20
dge,20
ec,20
glf,20
ard,20
jon,20
ht,20
zipx,20
ita,20
m01,20
c21,20
CPC,20
whp,20
jj,20
rum,20
c72,20
AP3,20
afr,20
GAR,20
fla,20
SUR,20
PLC,20
152,20
spm,20
TIT,20
a05,20
donotprese,20
yel,20
NNE,20
VGW,20
nig,20
n-b,20
MCG,20
mtdf,20
BND,20
MNT,20
f06,20
hfx,20
BUR,20
j6m,20
hf,20
XTB,20
A22,20
ine,20
AU8,20
iwa,20
fam,20
j31,20
indexes,20
DTS,20
she,19
jgt,19
DZB,19
pmo,19
nsd,19
342,19
AP5,19
DEL,19
checksum,19
cot,19
HUN,19
ga,19
sig,19
48,19
FE2,19
35,19
bd,19
rnh,19
JA8,19
shx,19
43,19
N20,19
jen,19
BLD,19
hm,19
IM,19
ACA,19
nch,19
gw,19
NT3,19
ads,19
CM1,19
ant,19
aid,19
GOL,19
WAY,19
PSS,19
_2008-10-1,18
DND,18
PX,18
200,18
UKR,18
MNX,18
dm,18
32,18
fee,18
_2008-08-0,18
ond,18
RE_,18
_2006-08-2,18
87,18
RAT,18
B&W,18
CMT,18
FPX,18
OPP,18
EFM,18
HPI,18
_2007-10-0,18
a10,18
in5,18
BIT,18
PM1,18
xxx,18
RC1,18
DET,18
FTA,18
K&K,18
_2007-04-0,18
sr,18
tec,18
BOM,18
trb,18
prb,18
LRN,18
maz,18
a-m,18
_2007-08-0,18
LY3,18
ne1,18
cqa,18
O31,18
APC,18
_2008-10-3,18
PJX,18
260,18
BFX,18
bm,18
SOM,18
AL1,18
JB,18
TCL,18
_Render Fi,18
VIS,18
35,18
PSB,18
WCS,18
_2006-09-0,18
2me,18
ef,18
p11,18
FCM,18
EPN,18
NO9,18
W44,18
rft,18
cyp,18
_2007-01-0,18
QWR,18
eac,18
BRI,18
brn,18
_2010-07-1,18
gft,18
BM_,18
TUL,18
1XE,18
V2,18
_2006-02-1,18
OLM,18
PJT,18
tb0,18
L14,18
Y25,18
gh,18
POC,18
blw,18
U13,18
MY2,18
l2,18
NFL,17
tex,17
.wav,17
VOL,17
WTS,17
PKF,17
wp4,17
eg,17
fct,17
MW,17
CPX,17
qc,17
S02,17
NOM,17
D07,17
luc,17
Y27,17
un,17
mj,17
WLS,17
D0C,17
rar,17
NCC,17
SYL,17
100,17
D29,17
oug,17
B11,17
EVT,17
HAL,17
OS,17
at,17
dal,17
trp,17
KA,17
N8,17
nce,17
406,17
37,17
vic,17
DBL,17
eot,17
45,17
S14,17
51,17
CLP,17
sm,17
ODF,17
wks,17
PMT,17
chl,17
ASM,17
M2,16
shtml_x_51,16
ett,16
fb7,16
1fd,16
jnt,16
cb,16
whi,16
208,16
$,16
sc5,16
D03,16
CHT,16
RBI,16
ORS,16
GCL,16
pm3,16
frd,16
shtml_x_47,16
c2,16
odc,16
aac,16
cmq,16
dcd,16
DQT,16
pab,16
eh,16
ICA,16
1,16
lo,16
K2,16
toc,16
KER,16
SCF,16
B00,16
WKB,16
od,16
pd,16
311,16
s23,16
RDS,16
ALE,16
mdi,16
it,16
sco,16
39,16
m11,16
mdw,16
73,16
ora,16
ISU,16
FIX,16
LSS,16
jk,16
ACS,16
g&m,16
shtml_scrl,16
rs2,16
DRA,16
vcs,16
ap2,16
shtml_x_52,16
PM2,16
wc,16
142,16
nou,16
L16,16
ISR,16
ohn,16
lfo,16
TL,16
34,16
shtml_x_48,16
cg,16
ANS,16
END,16
SHA,16
H19,15
93a,15
f12,15
mos,15
FO7,15
Y24,15
E25,15
TDT,15
G13,15
MY5,15
P22,15
iff,15
P16,15
DE4,15
O04,15
40,15
rmo,15
AFM,15
JN9,15
LY9,15
ary,15
lec,15
RDG,15
sit,15
JE5,15
AP4,15
BL2,15
abn,15
0A4,15
Y9,15
397,15
ue,15
tet,15
V22,15
S10,15
O8,15
_2008-07-1,15
LC1,15
JE3,15
C14,15
Y12,15
JA9,15
H23,15
coa,15
B16,15
MIM,15
L23,15
JL5,15
Y1,15
TID,15
MH2,15
LY5,15
H14,15
_2006-01-2,15
RAP,15
160,15
TC1,15
u-t,15
ix2,15
SHP,15
RL,15
E30,15
JPG 1,15
JAM,15
FLG,15
BDR,15
CLO,15
pvm,15
ati,15
DOU,15
c93,15
_2006-08-1,15
l-c,15
EC4,15
SSR,15
R2T,15
EB6,15
CC2,15
ACD,15
bob,15
2D4,15
O9,15
ABD,15
H29,15
wd,15
lcn,15
_2006-03-1,15
DMP,15
jew,15
J29,15
ip,15
YAL,15
f17,15
TP1,15
bl,15
HUG,15
38,15
BL1,15
_2007-01-3,15
trg,15
AY3,15
2D7,15
O08,15
MH,15
MIS,15
ED1,14
BRA,14
inn,14
mcd,14
geo,14
ph,14
oc4,14
bj,14
BRD,14
pp,14
mlk,14
FAD,14
$$$,14
PIE,14
sto,14
kie,14
dy,14
bet,14
bmap,14
rie,14
fod,14
ba,14
nw,14
a21,14
kin,14
945,14
dp,14
ci,14
SLT,14
glb,14
pcn,14
gy,14
CIN,14
y18,14
OPA,14
TDF,14
who,14
CRP,14
O29,14
ns1,14
bu,14
F11,14
ST1,14
7A,14
rdf,14
dj,14
POV,14
RS3,14
pin,14
7B,14
dl,14
TIA,14
ult,14
DLD,14
are,14
NAL,14
jac,14
box,14
ner,14
eau,14
1st,14
cy,14
119,14
MAX,14
JN1,14
wel,14
edm,14
s22,14
IV,14
THE,14
MSM,13
accdb,13
cjs,13
pot,13
FLM,13
GON,13
-29,13
BAY,13
SB,13
LTS,13
hat,13
SOC,13
ile,13
sal,13
EAD,13
dh,13
ACY,13
GAT,13
YRK,13
sun,13
bis,13
fem,13
R15,13
EPM,13
NJI,13
fr1,13
46,13
52,13
BF,13
TOT,13
PEZ,13
MDL,13
267,13
jor,13
FPC,13
o14,13
435,13
mdf,13
p65,13
-22,13
J95,13
ity,13
ISE,13
R13,13
mpr,13
f24,13
frk,13
pnt,13
tte,13
GRT,13
RRY,13
alb,13
OAS,13
KRE,13
ct,13
$DA,12
FR_,12
BL4,12
FY4,12
UGU,12
FVT,12
$BU,12
BM1,12
$S1,12
NTM,12
MBV,12
$NE,12
IAX,12
$NT,12
R29,12
DTP,12
EFS,12
FVR,12
foy,12
PBD,12
yo,12
WCP,12
lak,12
sfr,12
U15,12
$T$,12
$RJ,12
T26,12
$NL,12
$NM,12
AUZ,12
322,12
$NU,12
$SU,12
tim,12
SR1,12
ham,12
j-4,12
IAC,12
DPM,12
FBP,12
IDS,12
PL2,12
m-c,12
jy9,12
03S,12
F-2,12
CFB,12
LY_,12
FA_,12
CWA,12
QBE,12
TNC,12
$FX,12
sn,12
84,12
C13,12
_2008-01-3,12
nul,12
$LX,12
AG2,12
EPI,12
60,12
FCS,12
c00,12
yes,12
R27,12
spt,12
$W1,12
$W2,12
AUA,12
FLX,12
PL1,12
PXR,12
O21,12
IDL,12
_2007-10-3,12
_2010-01-0,12
$IP,12
ies,12
MSP,12
GR2,12
$JA,12
DF_,12
WOB,12
WCT,12
U26,12
WOW,12
43,12
P0A,12
ttc,12
n07,12
ok,12
TE_,12
ACX,12
ACP,12
BMD,12
U27,12
385,12
sp6,12
got,12
uc2,12
mir,12
cyr,12
TSH,12
M80,12
lit,12
FVI,12
$P1,12
$TO,12
BKU,12
$NA,12
SSL,12
_2006-02-0,12
I&E,12
$JB,12
IDP,12
FAQ,12
r3d,12
ley,12
297,12
186,12
_2007-09-0,12
NOD,12
WSS,12
8D6,12
her,12
PH_,12
qp1,12
ED_,12
$CB,12
d18,12
2XE,12
m25,12
$DV,12
pc1,12
mrm,12
$SD,12
%LT,12
MBP,12
AUM,12
113,12
$DP,12
APD,12
8F6,12
DAC,12
sft,12
TUA,12
8F9,12
cru,12
_2009-12-2,12
H20,12
LE_,12
PLD,12
WCM,12
D32,12
_2006-10-3,12
$AP,12
CL_,12
TCD,12
PID,12
$N2,12
IN$,12
$AR,12
GCS,12
#10,12
#NAME?,12
clc,12
icj,12
CI1,12
IDM,12
sgn,12
j5,12
_2007-09-1,12
OC6,12
CPP,12
NWT,12
$D1,12
MF_,12
jw,12
VEW,12
$D2,12
tou,12
D30,12
ky,12
ada,12
AUX,12
FAB,12
dd2,12
@,12
NTD,12
XLL,12
U22,12
AUY,12
$S2,12
$WP,12
U21,12
AWA,12
E26,12
ope,12
AUN,12
AC_,12
9F9,12
PS3,12
$SH,12
tv2,12
FE4,12
CID,12
RF,12
PFK,12
fb5,12
TCT,12
GHT,12
TSN,12
NAD,12
rvo,12
_2010-09-3,12
$LR,12
HD1,12
ACR,12
$RV,12
$PO,12
BL3,12
IDD,12
tlk,12
$PR,12
FSX,12
$PU,12
U23,12
pow,12
AUE,12
$AU,12
$ND,12
GLA,12
$CA,12
fyi,12
_2008-12-2,12
TCB,12
BM2,12
AMA,12
cmo,12
llo,12
278,12
WDO,12
WOV,12
AWT,12
ANE,12
_2008-09-0,12
ssa,12
ona,12
NO8,12
ARJ,12
VSS,12
PS_,12
$FA,12
lop,12
$HP,12
MAT,12
FER,12
ugh,12
agd,12
ny,12
CR1,12
cri,12
sh2,12
lwp,12
_2009-03-3,12
P93,12
cdn,12
WR_,12
$IB,12
$AV,12
QVL,12
ea,12
MSA,12
IEA,12
$TU,12
$W3,12
WLA,12
FAE,12
APF,12
EN_,12
PC_,12
$IA,12
SAP,12
TLX,12
-2,12
0-8,12
FE7,12
PCM,12
spk,12
ah,12
ASCX,11
58,11
rn,11
lg,11
fri,11
ABO,11
dls,11
kur,11
fa,11
ses,11
prmdc2,11
cnr,11
mor,11
UM,11
mtr,11
dg,11
PMS,11
mun,11
fwz,11
133,11
EDL,11
190,11
pap,11
edu,11
36,11
JC1,11
be,11
md0,11
dea,11
lee,11
tho,11
ep,11
SKZ,11
WEI,11
smbdeleteA,11
PUN,11
pom,11
l6,11
cts,11
54,11
DEB,11
59,11
196,11
ak,11
CN,11
suz,11
56,11
hw,11
57,11
fur,11
rv,11
MEX,11
cpg,11
ite,11
pk,11
295,11
lsl,11
SIX,11
sag,11
SLI,11
ol,10
jk1,10
FPK,10
hse,10
cib,10
au9,10
hash,10
62,10
1bn,10
jst,10
gc,10
trc,10
ctt,10
lft,10
BD2,10
p2,10
VDW,10
dso,10
VT4,10
0,10
ame,10
gal,10
tan,10
ee,10
WN,10
RNE,10
82,10
_UniqueID_,10
los,10
RP1,10
BLA,10
LGA,10
BMA,10
SPR,10
rr,10
hdm,10
m&h,10
o07,10
JI1,10
KIM,10
wid,10
464,10
gor,10
RE2,10
j14,10
HUM,10
WB2,10
aul,10
ERN,10
BAN,10
jea,10
sio,10
gif-m=1300,10
bpw,10
QR4,10
DRS,10
j05,10
sob,10
mch,10
q-c,10
zac,10
emo,10
CP,10
lnb,10
ray,10
SPO,10
CLF2,10
_pdf,10
jui,10
22j,10
CLF1,10
m26,10
123,10
webm,10
pw,10
mg1,10
82,10
numbers,10
cec,10
io,10
1V4,10
invalid,10
flb,10
EM1,10
cdc,10
ook,10
fdc,10
P13,10
wka,10
bea,10
jt,10
en2,10
SGE,10
in6,10
t1,10
JE,10
sms,10
np3,10
HCL,10
_DocumentI,10
lyn,10
ctx,10
SA2,10
l_s,10
ym,10
flexolibra,10
qp2,10
den,10
f03,10
m07,10
SR3,10
gsg,10
110,10
LS2,10
sol,10
hig,10
y-m,10
mv,10
u-s,10
odg,10
274,10
hoo,10
hed,10
s16,10
GP1,10
IX1,10
fb6,10
HOT,10
m10,10
E24,10
profile,10
s20,10
ood,10
ff,10
II,10
yt,10
TARGETS,10
sor,10
DEFAULT,10
pig,10
tie,10
data,10
oxps,10
ie,10
liz,10
joy,10
m17,10
m09,10
hip,10
ZN4,10
osg,10
j-g,10
btz,10
ev,9
88,9
BF1,9
PLA,9
SEM,9
oll,9
DM1,9
41,9
w96,9
aspx;tile=,9
AB1,9
aga,9
CBL,9
10p,9
RSV,9
UC1,9
sed,9
RM1,9
_2009-06-3,9
obt,9
dss,9
mcl,9
l10,9
150,9
MP1,9
ros,9
D4,9
_2005-12-2,9
_2006-05-3,9
_2008-12-3,9
VI,9
NUU,9
COS,9
fdx,9
222,9
PB1,9
sbn,9
PHY,9
nda,9
ver,9
LEW,9
_2008-10-2,9
ACJ,9
cou,9
lud,9
PRX,9
_2009-10-3,9
KW,9
prp,9
JA1,9
bbn,9
ECU,9
BF2,9
reb,9
dep,9
KC1,9
822,9
IS1,9
_2010-07-3,9
PH1,9
EDB,9
_Commissio,9
C41,9
_2006-08-0,9
gue,9
RPG,9
rcb,9
s&i,9
bd1,9
yor,9
_2010-12-2,9
_2009-04-3,9
ele,9
#1,9
bgt,9
BDB,9
rug,9
rtx,9
mei,9
NOW,9
NIZ,9
_2006-07-2,9
_2006-03-3,9
lb,9
_2007-05-3,9
_2006-12-2,9
_2010-07-2,9
_2006-08-3,9
_2010-04-3,9
ken,9
DMC,9
cst,9
U20,9
inx,9
pts,9
ljp,9
j-3,9
107,9
m5,9
pb,9
III,9
_2010-10-3,9
PDR,9
rou,9
#NAME?,9
rth,9
_2007-04-3,9
dxf,9
nsi,9
DRG,9
sbx,9
q7a,9
hil,9
epp,9
_2008-03-2,9
VBS,9
bnk,9
unt,9
cyn,9
R3,9
qp3,9
ta,9
dev,9
CHE,9
MG2,8
phn,8
kk,8
shi,8
npd,8
20n,8
71,8
ens,8
aw2,8
fe8,8
nni,8
shtml_x_56,8
OIN,8
-8,8
93,8
MPD,8
word,8
PR3,8
ns2,8
ces,8
fm,8
LWL,8
smil,8
els,8
PRM,8
oto,8
webarchive,8
me2,8
X00,8
-87,8
fj,8
TRD,8
cia,8
TTY,8
ltl,8
imp,8
ne2,8
ess,8
rh,8
WPK,8
bck,8
rni,8
VET,8
n27,8
-6,8
PPD,8
#2,8
FLD,8
CCC,8
nsc,8
l3,8
caw,8
irv,8
lli,8
ARC,8
deleted,8
EQU,8
fe,8
theme,8
xcos,8
BH1,8
ok3,8
93b,8
wr2,8
unb,8
DEO,8
rme,8
101,8
PNF,8
143,8
ier,8
rol,8
MS1,8
ata,8
td2,8
arn,8
eld,8
tob,8
PSU,8
ix3,8
OIL,8
sph,8
AAE,8
WTH,8
avr,8
dbp,8
ashx,8
#NAME?,8
83,8
uwo,8
ral,8
htaccess,8
TR3,8
hae,8
ear,8
bt,8
CLB,8
mla,8
l8,8
awk,8
JPG 2,8
sul,8
r24,8
108,8
ncy,8
LEO,8
DBS,8
MCA,8
tj,8
BK3,8
nof,8
GG1,8
BS,8
140,8
#NAME?,8
li,8
X02,8
srn,8
VRS,8
p7b,8
s26,8
AD2,8
170,8
DIF,8
ic,8
sj,8
cis,8
er1,8
80,8
ch2,8
120,8
mr1,8
AR1,8
44,8
NJF,8
ler,8
m3,8
aol,8
ecl,8
ha,8
IVE,8
qa2,8
er2,8
rac,8
km,8
l4,8
sa1,8
gp,8
ean,8
rra,8
nv,8
in7,8
3ga,8
20A,8
als,8
tck,8
DFM,8
onf,8
96,8
k-f,8
-9,8
dom,8
pwd,8
SPN,8
ok2,8
UGA,8
CS1,8
jcp,8
240,8
shtml_x_53,8
INO,8
etu,8
ma4,8
OAN,8
gic,8
uce,8
VII,8
RDA,8
LLS,8
joe,8
RBC,8
423,8
7WW,8
gld,8
ris,8
own,8
jd2,8
awd,8
232,8
wbf,8
was,8
IDF,8
oft,8
6me,7
AIS,7
bds,7
rae,7
13m,7
104,7
AS2,7
l5,7
ela,7
SIS,7
yol,7
42,7
ARL,7
Trashes,7
cil,7
cra,7
jf,7
ano,7
bre,7
2fr,7
mit,7
ul,7
lti,7
102,7
r-1,7
ege,7
AMM,7
etc,7
gn,7
shs,7
FES,7
ctc,7
ewa,7
dcr,7
cte,7
lla,7
arr,7
cry,7
dn,7
onetoc2,7
rch,7
wlk,7
chc,7
r-2,7
uct,7
10m,7
pt3,7
n-z,7
ace,7
grc,7
ngs,7
_Maindron,
xhtml,7
86,7
mds,7
sea,7
pptm,7
567,7
gas,7
m7,7
0],7
3me,7
NT1,7
stg,7
NEB,7
jd1,7
ari,7
1lt,7
m-a,7
w1,7
cpt,7
jpg-m=1303,7
nft,7
rus,7
doc=,7
pdf_,7
okl,7
bec,7
af,7
mz,7
a9,7
zee,7
mrj,7
sjc,7
caf,7
l7,7
metadata,7
MT1,7
brk,7
command,7
173,7
N1,7
arg,7
sat,7
o-c,7
nws,7
AGN,7
rog,7
CF1,7
1me,7
b04,7
9me,7
fun,7
2bn,7
cs2,7
sh1,7
sar,7
EWS,7
83,7
dd3,7
acn,7
gad,7
iPhoto,7
enc,7
RTI,7
sqlite,7
scl,7
ien,7
alf,7
MAL,7
IEU,7
1b,7
bkp,7
abl,7
yne,6
01-Jan,6
QLC,6
HPP,6
TOG,6
70,6
C01,6
FOL,6
kmc,6
TEA,6
SY,6
CM2,6
MR2,6
MOJ,6
HEN,6
nta,6
AA1,6
t21,6
xss,6
bao,6
_2007-03-3,6
o1,6
pj,6
CTR,6
785,6
eb,6
_2008-04-3,6
rk,6
972,6
sp7,6
BF3,6
wek,6
141,6
fbm,6
DIT,6
X50,6
_502,6
X90,6
LM1,6
SRG,6
eco,6
IT2,6
$a$,6
-11,6
MASTER,6
RIO,6
X10,6
ose,6
REZ,6
dol,6
ow,6
EM2,6
ppe,6
b2,6
mft,6
markdown,6
SS1,6
no1,6
XLC,6
ma8,6
fwl,6
FSH,6
cml,6
DLO,6
ntl,6
EX3,6
_2009-05-3,6
LRK,6
vja,6
hk,6
CAG,6
evo,6
IT4,6
isp,6
WLF,6
bon,6
_2010-11-3,6
ldn,6
dul,6
ADW,6
itu,6
GCF,6
MD1,6
956,6
t16,6
WRP,6
XB0,6
rcp,6
qu,6
DOV,6
_2008-01-0,6
BMF,6
ATR,6
FL2,6
7z,6
q_a,6
bru,6
cbn,6
NTH,6
04-Jun,6
ur,6
elz,6
amp,6
orig,6
qp4,6
G&S,6
LAU,6
wic,6
nes,6
RTL,6
a29,6
wj,6
hl,6
sak,6
tg,6
gd,6
no2,6
BH2,6
D02,6
TL_,6
QW,6
XA0,6
XD0,6
NIK,6
X70,6
#11,6
MD2,6
EMB,6
eme,6
pset,6
pca,6
apt,6
RFA,6
hq,6
DAS,6
gul,6
B05,6
REJ,6
GR3,6
191,6
kc2,6
ich,6
cle,6
shr,6
934,6
LTH,6
OAC,6
_2008-03-3,6
sv,6
mhw,6
aow,6
ith,6
bh,6
qp5,6
abs,6
nel,6
irc,6
ML1,6
HUS,6
GUA,6
HL1,6
PEA,6
IT1,6
kid,6
15a,6
CCP,6
ej,6
bid,6
tbb,6
apdisk,6
TRO,6
wsk,6
o15,6
886,6
gan,6
218,6
WP1,6
cvf_58936_,6
X30,6
X40,6
2,6
MOF,6
gto,6
MSC,6
bch,6
api,6
ues,6
ap7,6
thu,6
IT3,6
vnt,6
U00,6
gt,6
NUR,6
FM1,6
ntr,6
_POD,6
AMD,6
HLT,6
grm,6
cke,6
TV3,6
kmz,6
tes,6
$MN,6
LND,6
ike,6
aut,6
urs,6
LEI,6
sns,6
npf,6
G01,6
f18,6
ayn,6
hwk,6
urg,6
UIN,6
_2007-07-3,6
BI2,6
jef,6
EXF,6
d10,6
isc,6
_2006-06-3,6
np1,6
_2010-08-3,6
CH1,6
xlr,6
ao,6
cam,6
AA2,6
VAP,6
ae,6
SUB,6
GAZ,6
PJD,6
KAT,6
VA1,6
NL1,6
IH,6
ide,6
187,6
RTC,6
cache,6
hb,6
orn,6
zub,6
UPB,6
WAN,6
yn,6
X20,6
m-q,6
yo1,6
LYT,6
bby,6
mtn,6
motn,6
bye,6
ti,6
mcq,6
leb,6
ips,6
$b$,6
FRQ,6
ach,6
sbstore,6
bv2,6
DWN,6
QBB,6
219,6
ED4,6
RLM,6
nvi,6
apa,6
se2,6
pme,6
4in,6
rbr,6
#NAME?,6
G00,6
dex,6
nis,6
gin,6
eul,6
nbs,6
icw,6
3,6
oe,6
fir,6
UNP,6
m2t,6
_2008-07-2,6
JOS,6
cr,6
X80,6
sl1,6
ug3,6
wb,6
psm,6
qud,6
XE0,6
HC1,6
NT_,6
38_,6
ccu,6
GI1,6
PE1,6
CIP,6
nn,6
nf,6
_2007-08-3,6
_501,6
jsc,6
lim,6
mf,6
gws,6
shtml_sh_i,6
wo,6
pcy,6
p-r,6
ell,6
dej,6
wg,6
ucu,6
ina,6
mau,6
63,6
iao,6
_2005-11-2,6
#13,6
cqf,6
_2009-09-3,6
EUT,6
hpc,6
d3,6
27p,6
111,6
CSP,6
nie,6
nh,6
VRG,6
04a,6
yml,6
jec,6
SOY,6
DIZ,6
oni,6
mvc,6
RF1,6
vel,6
VH,6
~MN,6
XC0,6
ja2,6
FNX,6
PLR,6
X60,6
FRL,6
cup,6
ois,6
WIS,6
PD0,6
VUE,6
cu,6
_2007-07-2,6
apb,6
09-Feb,6
167,6
IX0,6
gca,6
zev,5
lds,5
WL,5
LRG,5
-14,5
73,5
c91,5
b10,5
ENQ,5
smk,5
3pc,5
AB2,5
XMA,5
dnt,5
fit,5
s&a,5
220,5
UNINSTALL,5
47,5
rai,5
cma,5
joa,5
lia,5
vcr,5
f-a,5
eug,5
vo,5
303,5
omi,5
BBB,5
mm4,5
628,5
02a,5
webp,5
AC1,5
fb1,5
c-c,5
rt1,5
deh,5
NM1,5
AD1,5
j-c,5
_ASSETMAP,5
uss,5
ac2,5
0-3,5
_ENHEDUANN,5
01-Mar,5
ven,5
LHT,5
j-l,5
rid,5
u-o,5
joc,5
jlk,5
opi,5
f-l,5
GB,5
AD3,5
VIN,5
ED2,5
cp1,5
r&y,5
162,5
sk,5
r1,5
lob,5
l1,5
sim,5
05a,5
tx3,5
m-j,5
10a,5
isl,5
r_d,5
maw,5
NZ,5
65,5
grq,5
409,5
kc,5
mjr,5
n-2,5
62,5
SMT,5
m-p,5
ONY,5
OBS,5
08a,5
c-j,5
FRC,5
mab,5
412,5
dc8,5
166,5
dmg,5
u-m,5
ltg,5
BDG,5
contact,5
rfg,5
d-n,5
bt4,5
ske,5
_VOLINDEX,5
_Backup of,5
nwc,5
tx4,5
to2,5
cji,5
gf,5
brw,5
cir,5
nu,5
AR2,5
lf2,5
03a,5
mm2,5
rta,5
gil,5
PBK,5
bzc,5
SS4,5
ONG,5
RH1,5
01a,5
ES1,5
06a,5
hop,5
52,5
SB3,5
gj2,5
cul,5
jh2,5
70,5
abw,5
q2,5
cgt,5
myl,5
BOT,5
ILS,5
LH1,5
dow,5
HIN,5
gpt,5
AT2,5
voy,5
ZN1,5
srr,5
sir,5
t-s,5
jms,5
az,5
cj1,5
TU2,5
EI,5
RIG,5
ORC,5
j-w,5
EES,5
lbs,5
h-2,5
l-m,5
cdl,5
CO-,5
peb,5
nyu,5
19a,5
11A,5
GI,5
so2,5
shl,5
66,5
a6,5
ode,5
HEA,5
ote,5
07A,5
01-Feb,5
srb,5
14a,5
12a,5
j-5,5
1ju,5
usf,5
gm1,5
ava,5
axd,5
c17,5
ly,5
ago,5
pes,5
ury,5
mi2,5
ja4,5
289,5
3rd,5
GAB,5
eic,5
sde,5
a-g,5
wds,5
-20,5
p4,5
jpg-m=1300,5
er3,5
ALP,5
cho,5
68,5
su,5
t2,5
ccb,5
mm3,5
loi,5
yvn,5
wsc,5
ay1,5
r-3,5
c_a,5
402,5
JOU,5
13b,5
rt2,5
CFS,5
rre,5
pns,5
tvf,5
-28,5
fal,5
lme,5
c-v,5
nrc,5
JCM,5
s-m,5
380,5
wnd,5
ECC,5
sac,5
pyn,5
lap,5
WEN,5
trashinfo,5
cro,5
c79,5
627,5
NRB,5
300,5
UST,5
f5,5
KAV,5
DA0,5
yow,5
pcf,5
ltc,5
112,5
hja,5
mck,4
2le,4
axx,4
eth,4
jo,4
pct,4
JCA,4
ria,4
7th,4
an2,4
ein,4
FLW,4
m-2,4
ctb,4
cpa,4
swr,4
s-1,4
ore,4
hik,4
sse,4
dcb,4
ptn,4
ldt,4
19p,4
AFT,4
cl1,4
MCC,4
493,4
sc6,4
-13,4
y21,4
fl,4
eds,4
fn2,4
non,4
aou,4
aup,4
ne3,4
TE6,4
fev,4
clt,4
urn,4
wle,4
Biblio,4
jbl,4
ups,4
sca,4
eli,4
2B,4
74,4
nho,4
DG1,4
lrcat,4
oon,4
asp-,4
1sc,4
pde,4
TE9,4
mke,4
TE8,4
sre,4
NT4,4
R21,4
p_f,4
uay,4
droid_51-2,4
s93,4
nau,4
121,4
an1,4
03-Feb,4
2013,4
qt,4
TE3,4
cjl,4
ara,4
-87,4
-7,4
106,4
ucs,4
'81,4
ey,4
erg,4
aor,4
_txt,4
LG2,4
mol,4
eti,4
 draft 2,4
df,4
aw4,4
o2,4
DBG,4
eto,4
nm,4
T04,4
sti,4
LBB,4
tgz,4
921,4
RD1,4
IPF,4
hrc,4
e18,4
GF1,4
DB2,4
 doc,4
mg,4
j90,4
n2,4
nio,4
j26,4
eal,4
99,4
lj,4
ATW,4
kei,4
kd,4
frr,4
Q&Q,4
kg,4
eum,4
fw,4
o30,4
jfk,4
IGH,4
dna,4
eur,4
plu,4
wpc,4
gam,4
csmo,4
waw,4
zet,4
ek,4
NL,4
cl2,4
271,4
ibk,4
lai,4
ten,4
cvf_114862,4
jil,4
64,4
FUT,4
cfl,4
T03,4
tt,4
s-3,4
326,4
hts,4
icf,4
3d,4
png-w=136&,4
KAM,4
cki,4
ANY,4
oli,4
onu,4
n14,4
d-e,4
EYE,4
23a,4
RCD,4
oma,4
flag,4
288,4
TRX,4
stl,4
bmo,4
08-Jun,4
ilm,4
tee,4
109,4
WPE,4
pe,4
otl,4
OTH,4
ui,4
132,4
vbl,4
vac,4
nrd,4
jel,4
e1,4
hs1,4
oun,4
ozi,4
d84,4
sjr,4
UDE,4
yuk,4
HF1,4
K01,4
FRW,4
131,4
TE1,4
ju1,4
stj,4
MCF,4
229,4
23n,4
SYX,4
ftr,4
dro,4
hor,4
ln,4
tem,4
aj,4
yth,4
#NAME?,4
-83,4
ays,4
bcd,4
tu1,4
boa,4
rtz,4
T02,4
qtindex,4
neg,4
TE2,4
nso,4
buy,4
ife,4
pmd,4
cvf,4
TE0,4
irl,4
en1,4
fs,4
92a,4
0&3,4
#NAME?,4
16p,4
bxx,4
rut,4
ofr,4
lef,4
cne,4
cvf_69536_,4
ete,4
my,4
mbr,4
ial,4
oks,4
bvc,4
een,4
dst,4
kp,4
ice,4
hrg,4
aer,4
T01,4
nty,4
ene,4
T00,4
,4
ath,4
#NAME?,4
ede,4
eph,4
dsm,4
qpw,4
oyd,4
ASX,4
23p,4
cai,4
stt,4
oc1,4
TE7,4
_Reading R,4
overlay,4
ank,4
vil,4
06-Aug,4
27a,4
rty,4
kp2,4
_SP,4
#NAME?,4
620,4
NG2,4
oag,4
_Concordia,4
1jt,4
sbd,4
241,4
68,4
986,4
nro,4
rde,4
#NAME?,4
tlj,4
ks,4
bbq,4
eon,4
t20,4
y5,4
XnViewSort,4
78,4
uck,4
s-2,4
jdv,4
NNA,4
script,4
obi,4
914,4
CHU,4
pt5,4
aco,4
527,4
2cr,4
15p,4
fim,4
m-b,4
02-Jan,4
---,4
pel,4
cto,4
B02,4
sky,4
04B,4
CB1,4
nai,4
jn,4
p-8,4
jpg,4
roc,4
cii,4
onj,4
b70,4
zim,4
 draft 3 -,4
PEF,4
5b,4
jl2,4
m1,4
79,4
K02,4
MOU,4
FFL,4
283,4
401,4
THD,4
#NAME?,4
2sc,4
99,4
b3,4
280,4
230,4
nci,4
CDO,4
vot,4
ade,4
rii,4
-23,4
292,4
nge,4
hp,4
bo,4
2p,4
67,4
#NAME?,4
pce,4
30,4
e-d,4
2013 (2),4
25a,4
nin,4
rdp,4
pco,4
TD,4
#NAME?,4
76,4
72,4
WN2,4
07p,4
KSC,4
pmf,4
bai,4
wry,4
doxy,4
pt8,4
wyn,4
icz,4
bog,4
ww,4
n-3,4
low,4
JA3,4
WG1,4
WAC,4
WG2,4
TE5,4
mce,4
pbe,4
ofe,4
lmc,4
FTG,4
vez,4
inq,4
vie,4
cpm,4
ves,4
erp,4
22n,4
apo,4
dco,4
mba,4
he,4
eo,4
und,4
p7s,4
d86,4
Jan-96,4
17a,4
77,4
16a,4
dek,4
TE4,4
no3,4
obu,4
ule,4
yof,4
nrw,4
sso,4
404,4
tof,4
sme,4
ets,4
02-May,4
wre,4
fis,4
ch9,4
omy,4
cvf_143474,4
buf,4
SY1,3
EOP,3
SS7,3
CT4,3
MD7,3
LTX,3
ori,3
RGB,3
rc4,3
d36,3
CTV,3
lev,3
74,3
MDY,3
tp4,3
WOR,3
FRU,3
doc copy,3
SB4,3
gif_2,3
MRD,3
_Reference,3
lc3,3
tgn,3
9-S,3
pak,3
UOL,3
SS5,3
GO,3
QUO,3
B17,3
HK1,3
ASE,3
MD6,3
lc2,3
EDW,3
DR2,3
RÉG,3
SS3,3
_021-SEPTE,3
VTS,3
OPL,3
KM2,3
305,3
SS2,3
MO1,3
LI4,3
C62,3
1ax,3
TB3,3
_2006-05-A,3
_00000029,3
LIV,3
359609,3
995,3
_2006-10-O,3
13C,3
666,3
1f,3
604528,3
TH2,3
PF1,3
loa,3
OP2,3
2do,3
_00000017,3
_TREVOR FE,3
_00000024,3
_00000026,3
rss,3
_00000031,3
KM3,3
mbox,3
w10,3
WIW,3
NGU,3
PLS,3
Y35,3
306,3
KL1,3
IEW,3
WAT,3
SB2,3
711,3
PIW,3
ERM,3
KC3,3
TV4,3
RX1,3
KG1,3
OP1,3
RVX,3
12B,3
XX1,3
BLB,3
02C,3
JO1,3
MI1,3
GGT,3
PH3,3
vfy,3
PN1,3
OMB,3
CM4,3
LP1,3
444,3
LQ1,3
AXW,3
NR2,3
uc3,3
AF2,3
SM2,3
_038-FEBRU,3
-74,3
SIV,3
NCT,3
SRI,3
JB3,3
VP,3
GT3,3
MD3,3
SS6,3
NZ1,3
LQ6,3
EM3,3
SS8,3
03B,3
EPX,3
5ES,3
03D,3
MD4,3
tu5,3
b-2,3
gib,3
4a,3
uo,3
_00000038,3
_00000044,3
_037-JANUA,3
UOP,3
NOS,3
94,3
TA2,3
912,3
EP5,3
LI2,3
JB1,3
FL1,3
EP3,3
B08,3
09A,3
A&B,3
LL2,3
LQ5,3
MLH,3
KL2,3
HV1,3
RGT,3
CM3,3
WYT,3
GT1,3
_extraitï€,3
RPP,3
117,3
89,3
ucf,3
KRA,3
_2006-05-M,3
_049-JANUA,3
_054-JUNE-,3
_059-NOVEM,3
TWN,3
_00000012,3
_00000033,3
81,3
3PT,3
mci,3
ixn,3
RVA,3
NTO,3
76,3
RDY,3
72,3
225,3
_-----2008,3
_2099-02-2,3
_048-DECEM,3
_00000052,3
H24,3
GNS,3
_022-OCTOB,3
_013-JANUA,3
HOL,3
CATALOGS,3
crb,3
CP2,3
KC4,3
172,3
rt3,3
coc,3
ocu,3
RLF,3
#3,3
P&G,3
DR1,3
MM1,3
bt2,3
411,3
03C,3
GT2,3
LW1,3
AIH,3
s_m,3
ADI,3
_00000009,3
jer,3
_00000008,3
_DEB-RAW,3
_00000027,3
HI,3
_2009-01-3,3
NHW,3
634001,3
5PT,3
C27,3
_056-AUGUS,3
l12,3
_039-MARCH,3
EEM,3
hsh,3
PWC,3
_043-JULY-,3
_045-SEPTE,3
_2006-07-G,3
partial,3
ept,3
cfm,3
sbi,3
RDT,3
ABE,3
JAK,3
AAT,3
619,3
MHC,3
COP,3
UR2,3
TB1,3
Martin,3
_LUC 15,
193,3
tp5,3
JF1,3
JOL,3
PUR,3
DAW,3
#15,3
415,3
EP6,3
00A,3
r19,3
UA,3
12P,3
RRS,3
UOA,3
_052-APRIL,3
91,3
SUG,3
84,3
575,3
_014-FEBRU,3
DUG,3
IH1,3
RKY,3
05D,3
SM4,3
FBD,3
KAY,3
67,3
DIK,3
WU,3
_2006-09-S,3
324,3
86,3
_057-SEPTE,3
CH3,3
_00000023,3
RBE,3
06-Jul,3
B20,3
EX4,3
G08,3
NR1,3
2008,3
too,3
adr,3
00B,3
66,3
doc alias,3
_Letter to,3
r18,3
_2007-23-H,3
B21,3
EAA,3
pfx,3
_047-NOVEM,3
_040-APRIL,3
_JASON-RAW,3
_051-MARCH,3
WCB,3
_036-DECEM,3
_032-AUGUS,3
_2008-07-3,3
JB2,3
_027-MARCH,3
NAV,3
_00000045,3
_2009-12-3,3
l92,3
JH1,3
_2006-02-F,3
p3,3
RQ2,3
PR5,3
_Start of ,3
p6,3
_00000041,3
_00000042,3
ABU,3
QTS,3
VPL,3
ME-,3
563,3
507,3
KNO,3
NEK,3
S&S,3
-2N,3
SAW,3
EPA,3
MYT,3
_026-FEBRU,3
SHW,3
lce,3
aur,3
ML2,3
YVE,3
10B,3
n0,3
RF2,3
UNE,3
AM2,3
405,3
B&A,3
WIF,3
_00000034,3
PSP,3
_00000019,3
RQ1,3
URK,3
ECB,3
_00000016,3
WHE,3
htt,3
CHD,3
OP3,3
GL1,3
1X,3
_2006-01-J,3
LQ4,3
_050-FEBRU,3
_00000001,3
_River Cit,3
_00000003,3
93C,3
8F3,3
SNR,3
LMN,3
_00000021,3
_00000028,3
EP4,3
GBT,3
01B,3
LI3,3
VEE,3
_2006-04-A,3
XV1,3
BRX,3
_00000004,3
B06,3
PE2,3
11B,3
ID1,3
PH2,3
UR1,3
DS_,3
IVR,3
atd,3
hc,3
KKS,3
rÉp,3
lcw,3
MSU,3
SOV,3
_00000054,3
_2005-11-3,3
_APEC-DEB,3
_00000039,3
_2007-11-3,3
a8,3
AML,3
d5,3
2ax,3
#NAME?,3
YR,3
WDT,3
201,3
CFI,3
624,3
_2009,3
359608,3
JS1,3
_019-JULY-,3
TXX,3
_017-MAY-2,3
l9,3
TA1,3
KAN,3
08B,3
QB1,3
PR7,3
ROV,3
#NAME?,3
478,3
9PT,3
itm,3
bt5,3
PRL,3
ROD,3
12s,3
kj,3
d9,3
jpg-w=136&,3
LGT,3
KND,3
-1,3
JCX,3
DIP,3
GDN,3
LLP,3
LCT,3
333,3
THP,3
acu,3
05B,3
_Dr Daviau,3
_00000037,3
04D,3
64,3
HB3,3
28J,3
JM1,3
304,3
WD2,3
CCL,3
sn1,3
_00000056,3
FM2,3
BUT,3
_042-JUNE-,3
RDO,3
SM3,3
AAB,3
KIL,3
_00000050,3
IT5,3
_00000051,3
uca,3
_2010-06-3,3
EXI,3
ik,3
LX2,3
RLX,3
drm,3
8PT,3
jar,3
AM1,3
03-Sep,3
ON1,3
DA5,3
gls,3
_029-MAY-2,3
SAD,3
tp3,3
06-Apr,3
_2010-01-3,3
_055-JULY-,3
IFA,3
_00000015,3
216,3
lcf,3
uke,3
SVU,3
ZEA,3
-21,3
DLE,3
skt,3
a7,3
UNM,3
MRX,3
AS1,3
MGV,3
_028-APRIL,3
_030-JUNE-,3
enriched,3
DH1,3
WD1,3
QOT,3
UCB,3
FL3,3
FB2,3
TF1,3
OU2,3
LL4,3
02D,3
RN2,3
PD1,3
07C,3
TF2,3
02B,3
MA1,3
CMN,3
TN1,3
EP2,3
PN2,3
JI3,3
STX,3
EP8,3
TA3,3
JI2,3
07B,3
LQ2,3
#20,3
WC1,3
5A,3
HA1,3
LX1,3
TB2,3
RM2,3
bt3,3
BB1,3
_024-DECEM,3
_020-AUGUS,3
_00000007,3
_00000011,3
_00000030,3
OMO,3
o23,3
pdv,3
_00000040,3
_00000043,3
_00000047,3
ELK,3
SHU,3
EDG,3
NRG,3
DRY,3
FUE,3
_016-APRIL,3
reh,3
307,3
MH8,3
_00000025,3
_00000022,3
_00000005,3
_060-DECEM,3
UDG,3
_058-OCTOB,3
_053-MAY-2,3
UPP,3
UME,3
896,3
_2009-07-3,3
TF3,3
PK1,3
414,3
227,3
75,3
dix,3
GPR,3
_2006-11-3,3
_2007-12-2,3
_2007-12-3,3
H12,3
_WEB,3
4PT,3
GRE,3
_2006-07-C,3
rrr,3
ttt,3
tp2,3
_041-MAY-2,3
HYC,3
CFP,3
601,3
lcm,3
AB6,3
ryb,3
gpj,3
77,3
408,3
4&5,3
_2008-11-3,3
PTY,3
tal,3
p9,3
DAG,3
_Thibodeau,3
rt5,3
bad,3
rba,3
QXD,3
6PT,3
PYR,3
far,3
-85,3
416,3
nqu,3
9RE,3
p5,3
setting,3
_2014-06-0,3
_2005,3
CCH,3
pck,3
MUI,3
NUK,3
srf,3
_2006-07-J,3
_2006-08-A,3
413,3
ALI,3
bt1,3
Easter at ,3
RDC,3
_015-MARCH,3
god,3
_2005-12-D,3
_2006-12-D,3
p7,3
lf3,3
d6,3
p8,3
87,3
SMO,3
lll,3
116,3
tch,3
DAM,3
nyc,3
OHC,3
PGE,3
97,3
06-Jan,3
80,3
403,3
kwd,3
7PT,3
829,3
_00000057,3
TMS,3
PRK,3
_2006-07-3,3
_044-AUGUS,3
EJE,3
05C,3
1sr,3
NW2,3
B12,3
PR6,3
21A,3
RLG,3
LL1,3
OFD,3
MGE,3
ANU,3
08C,3
3NV,3
KC5,3
_2005-11-N,3
JGS,3
PR4,3
LUT,3
KIP,3
KM4,3
SY2,3
TF,3
_00000035,3
WS1,3
m4,3
ON2,3
_00000006,3
post,3
hsc,3
sfv,3
JO2,3
td3,3
WAI,3
_00000032,3
_00000013,3
JA6,3
MD8,3
avp,3
fe6,3
04C,3
OG1,3
DR3,3
LI1,3
CHS,3
841,3
UR3,3
PF2,3
stmp,3
_2006-06-J,3
12C,3
_2006-11-N,3
_00000002,3
HB1,3
CT2,3
LL3,3
LQ3,3
_Catalogue,3
ZUR,3
114,3
01D,3
B13,3
830,3
PK3,3
KC6,3
VB1,3
PH4,3
EX5,3
AGT,3
CKY,3
LIQ,3
DD1,3
MW1,3
SB1,3
SF1,3
555,3
GLX,3
TG1,3
CN2,3
HB2,3
OPX,3
BLS,3
407,3
FDG,3
_00000049,3
_00000048,3
_00000046,3
_00000053,3
P25,3
_00000020,3
_035-NOVEM,3
_025-JANUA,3
_00000018,3
_00000014,3
ucm,3
_00000010,3
OR1,3
GIS,3
_APEC-JASO,3
604529,3
_018-JUNE-,3
_023-NOVEM,3
EAP,3
_031-JULY-,3
_034-OCTOB,3
C37,3
_033-SEPTE,3
C25,3
NDU,3
ASH,3
KEV,3
ucd,3
lin_hist,3
rew,3
lf5,3
ams,3
#NAME?,3
B--3,3
AN3,3
KM1,3
CSL,3
78,3
_00000055,3
967,3
26j,3
VB2,3
_2006-03-M,3
KOZ,3
REY,3
_046-OCTOB,3
FR3,3
GL3,3
EP7,3
dig,3
92,3
OLB,3
572,3
_00000036,3
178,3
WT1,3
text,2
RE4,2
see,2
clu,2
3sc,2
npa,2
coi,2
stb,2
cfe,2
rce,2
S32,2
CH4,2
KBD,2
04-Jan,2
GYI,2
rqe,2
odj,2
_b_,2
rsg,2
lui,2
q-p,2
xcc,2
#NAME?,2
e31,2
#NAME?,2
#NAME?,2
RE1,2
epf,2
504,2
04doc,2
DA6,2
ou,2
g7,2
sja,2
lal,2
cad,2
brp,2
shm,2
wah,2
js_ORIG,2
_cv,2
ln2,2
RDB,2
esi,2
gaf,2
up6,2
wee,2
l-r,2
tfr,2
135,2
o3,2
emg,2
3la,2
_CouacSPT ,2
_504,2
ju8,2
gm2,2
yno,2
eet,2
07-Jun,2
iam,2
07-Jan,2
dno,2
ph9,2
07-Feb,2
tow,2
qa1,2
618,2
PHL,2
A02,2
gdoc,2
MBI,2
ns3,2
813,2
mjn,2
_big,2
ï€¢AI - co,2
_MARIE DE ,2
ï€¢AI,2
fi,2
csn,2
OLA,2
fe3,2
31a,2
31p,2
URI,2
ug2,2
08p,2
black,2
sj2,2
sby,2
ych,2
8no,2
_WEB-GALLE,2
kwi,2
28,2
DeskLink,2
316,2
tti,2
biu,2
xms,2
iet,2
lar,2
A3X,2
hos,2
pte,2
qpa,2
mom,2
LSC,2
ome,2
iya,2
xi,2
AJM,2
rps,2
TR4,2
CPR,2
isa,2
rwh,2
koh,2
HO,2
 30?12?93,2
ï€©,2
ISD,2
122,2
FW  Summar,2
tcu,2
ne4,2
Thibodeau,2
ndr,2
cja,2
ouv,2
uti,2
oup,2
_Access Co,2
_Invoice D,2
#NAME?,2
Robichaud,2
rw1,2
#NAME?,2
wa~,2
ril,2
LXA,2
e2,2
03p,2
tay,2
lwg,2
loy,2
#NAME?,2
cg2,2
eba,2
ypc,2
29a,2
wok,2
lre,2
owe,2
tew,2
wnp,2
gs5,2
tle,2
av4,2
dca,2
_000,
png-m=1300,2
png_,2
lfa,2
hko,2
gms,2
_RÃ©dempti,2
dhb,2
n-e,2
_MAINDRON ,2
ly1,2
_Using Zip,2
RQF,2
fe5,2
irn,2
xpe,2
608,2
8--,2
aza,2
fic,2
se3,2
ssf,2
b03,2
ail,2
bul,2
ges,2
_THE STORM,2
nkd,2
up2,2
r-c,2
NOO,2
e3,2
991,2
e88,2
DHT,2
f-9,2
pch,2
p29,2
29h,2
es8,2
#NAME?,2
FH,2
215,2
QT2,2
RE3,2
3B,2
gitattribu,2
2A,2
euv,2
yso,2
ULG,2
C10,2
yse,2
WAL,2
nlo,2
ud,2
lso,2
0,2
nep,2
#NAME?,2
q-e,2
hj,2
05-Jan,2
2t,2
JC2,2
poo,2
&read08-14,2
gth,2
EXL,2
HKF,2
hr,2
rit,2
rks,2
lys,2
ma9,2
OK1,2
htm_,2
cue,2
ko,2
CP$,2
ghi,2
dar,2
hrh,2
fas,2
vab,2
01p,2
09p,2
k-u,2
#NAME?,2
mur,2
uve,2
n4,2
fos,2
n85,2
319,2
ga4,2
tsc,2
m8,2
ma3,2
TV porn,2
ijc,2
#NAME?,2
cig,2
onc,2
adp,2
zel,2
p28,2
rfr,2
p-2,2
ols,2
Office of ,2
owi,2
vco,2
sh8,2
by,2
N94,2
MQS,2
iqu,2
jab,2
_NOCTURNES,2
e-2,2
elt,2
_La DisgrÃ,2
 8-93,2
titre,2
fib,2
6--,2
_STAMP OUT,2
_SCRIBE-Ã‰,2
07-Mar,2
ARS,2
JGF,2
 Murray- 2,2
pc2,2
om,2
du,2
bi4,2
_Megan,
jcz,2
xxtif,2
TRY,2
ofl,2
07-Apr,2
 5-93,2
Y00,2
typ,2
osk,2
h&s,2
hg2,2
lly,2
_M-RAN-Ã‰T,2
akc,2
agb,2
ket,2
cun,2
 # 3 - 10ï,2
kow,2
to6,2
_200153970,2
r22,2
9au,2
_PoÃ©sie &,2
MPB,2
Boudreau,
Texte,2
_Choir Pra,2
o90,2
CB3,2
bmb,2
qdr,2
06-May,2
B01,2
gsl,2
grs,2
in8,2
bap,2
eez,2
c-2,2
tqw,2
eak,2
srm,2
dmb,2
i01,2
odm,2
1de,2
roh,2
pma,2
pi,2
p17,2
phr,2
mfa,2
pm4,2
meo,2
osp,2
#NAME?,2
#NAME?,2
#NAME?,2
-86,2
-82,2
-50,2
bst,2
25o,2
b_3,2
18a,2
p-s,2
poi,2
ndo,2
ghe,2
#NAME?,2
cie,2
446,2
b-g,2
stn,2
WB1,2
s84,2
r30,2
owl,2
TexteE,2
HMF,2
up0,2
nms,2
spp,2
jshintrc,2
A1X,2
CH5,2
hee,2
203,2
DA3,2
nst,2
-10,2
dlr,2
kp1,2
fv,2
vs,2
hrm,2
_ppt,2
j_pg,2
8av,2
DA20 - Étu,2
_Version F,2
vm,2
arb,2
lte,2
g_c,2
COMMENTS,2
gio,2
rcy,2
kl,2
lyl,2
hmc,2
dtxt,2
va,2
fd,2
xcf,2
JAP,2
ila,2
bjm,2
pdn,2
ngl,2
M-O,2
#NAME?,2
cpu,2
 # 3 - 10?,2
 details,2
#NAME?,2
jod,2
kpb,2
lio,2
C11,2
c68,2
43e,2
B1X,2
nic,2
NG3,2
$$,2
oul,2
KW2,2
PCI,2
sample,2
usi,2
r4,2
up4,2
thy,2
tu,2
fb,2
fbk,2
ju9,2
kso,2
1-96ï€©,2
eun,2
bi5,2
afe,2
onb,2
qpq,2
24s,2
omr,2
jrp,2
ma6,2
hie,2
yin,2
e-s,2
dub,2
mvg,2
n12,2
oc8,2
jai,2
ap9,2
rtj,2
swi,2
sut,2
_LOGOS,2
idg,2
sxw,2
hur,2
woo,2
06-Jun,2
 Biblio,2
yet,2
_The River,2
elf,2
rkr,2
cbs,2
ato,2
605,2
wh2,2
TASKS,2
o19,2
e_i,2
au6,2
tjt,2
engine,2
gsm,2
egl,2
kys,2
cks,2
-17,2
enr,2
sfx,2
t24,2
dx,2
30a,2
ASI,2
ob,2
WW2,2
hda,2
ish,2
_Creative ,2
L,2
ous,2
2pr,2
-24,2
FUNNEL,2
RG2,2
CB2,2
CN3,2
sdt,2
cij,2
.mov,2
#NAME?,2
 Jan 96,2
jnk,2
nc,2
og,2
sfd,2
nri,2
rs1,2
lus,2
bkj,2
se7,2
aw1,2
988,2
_1,2
_AAA In Pr,2
unc,2
t22,2
W51,2
n5,2
fwk,2
v84,2
797,2
vwp,2
_gif,2
895,2
lko,2
_114__B_20,2
awr,2
rcr,2
a19,2
fn,2
wgp,2
egs,2
_Mme Besha,2
trf,2
_Ch1,2
aw3,2
DP1,2
UM1,2
_BABY-gene,2
igo,2
teaser,2
20,2
 collage,2
fcr,2
fb9,2
RG1,2
ndoc,2
u31,2
CH7,2
up5,2
dw,2
t_i,2
j-j,2
g22,2
tk,2
ys,2
irt,2
gif0,2
spq,2
511,2
#NAME?,2
04p,2
315,2
uag,2
213,2
ew,2
eke,2
ert,2
hoy,2
pdf_3,2
boo,2
kt,2
40a,2
tun,2
24p,2
22p,2
to3,2
hyj,2
334,2
frb,2
hbk,2
ot,2
pt7,2
ov,2
hya,2
06-Feb,2
st2,2
ced,2
toa,2
05-Feb,2
(F),2
-18,2
#NAME?,2
ez,2
tod,2
jl1,2
jnh,2
VBP,2
smc,2
ifi,2
0-f,2
mto,2
CM1 - List,2
om2,2
cvsignore,2
 Khan,2
aix,2
ybk,2
-67,2
tbr,2
elc,2
ald,2
05p,2
hio,2
f&e,2
lig,2
vmy,2
-88,2
_L'Autre e,2
sdm,2
phe,2
#NAME?,2
NG1,2
we,2
rdr,2
d17,2
2 (Word5),2
198,2
BOW,2
ait,2
#NAME?,2
14p,2
ofm,2
reu,2
_Megan,
swm,2
YUR,2
JPP,2
m6,2
0th,2
290,2
lv,2
f-x,2
#NAME?,2
ptb,2
06p,2
enf,2
xbm,2
_Marcel Ou,2
1A,2
drw,2
htl,2
dmo,2
ain,2
pr8,2
xp,2
lda,2
-1,2
elo,2
WRX,2
gro,2
au4,2
HRY,2
ssu,2
39a,2
to5,2
199,2
33a,2
#NAME?,2
bab,2
l-8,2
tu8,2
pai,2
odb,2
jjb,2
l22,2
just,2
GBK,2
b_1,2
_Ã‰DITIONS,2
b_4,2
_Revised T,2
26p,2
e17,2
i-g,2
anz,2
#NAME?,2
#NAME?,2
_Funding A,2
msb,2
#NAME?,2
CAE,2
s83,2
n21,2
i-i,2
_The Ticke,2
ENI,2
mfr,2
_a_,2
eck,2
k1,2
ldy,2
hei,2
ero,2
oc,2
11p,2
oi,2
raz,2
HOB,2
nrt,2
rmf,2
to4,2
rro,2
lrw,2
24a,2
row,2
dk,2
de8,2
haf,2
efr,2
hli,2
_jpe,2
4co,2
wh1,2
tn,2
iva,2
ssi,2
ief,2
npb,2
34a,2
6_9,2
gr,2
eof,2
603,2
erl,2
dez,2
7in,2
ffe,2
jpg2,2
yex,2
evc,2
ma7,2
ROYER,
suit,2
SansfaÃ§on,2
Citations,2
old-,2
#,2
-3,2
t25,2
e27,2
#NAME?,2
#NAME?,2
#NAME?,2
UNU,2
ibc,2
adj,2
san,2
ws2,2
5me,2
tdo,2
hri,2
-4x,2
wsh,2
ai8,2
 Plan,2
b_2,2
?,2
p&p,2
mandat,2
ir,2
1o,2
FW  Tour o,2
maa,2
CR1 - Lett,2
_Life-elve,2
3 - Étude ,2
_untitled ,2
 May31,2
H,2
ldif,2
tsr,2
occ,2
dpe,2
ofa,2
ock,2
sesx,2
rwz,2
1_5,2
ded,2
n26,2
35a,2
jz,2
718,2
tq,2
a-z,2
ygr,2
7,2
_EMAIL LIS,2
pt6,2
ruc,2
8-m,2
07-May,2
ply,2
 of Music,2
 letter of,2
ddl,2
dre,2
dqu,2
C,2
t28,2
tad,2
TTR,2
opus,2
S00,2
msi,2
r-8,2
314,2
sg,2
aph,2
rfd,2
tev,2
_lettre au,2
egi,2
zb,2
ddr,2
t-2,2
CH6,2
ga3,2
QT6,2
zno,2
hy,2
~EX,2
ave,2
plx,2
4st,2
wnu,2
ebe,2
to Canada,2
ER&,2
nka,2
wur,2
xjm,2
4no,2
le1,2
714,2
ttd,2
rtg,2
s-f,2
_Gr_Comp,2
lwa,2
eb3,2
02p,2
-31,2
-26,2
p-y,2
sei,2
SUI,2
lh,2
705,2
jrs,2
dei,2
ROA,2
cre,2
lip,2
4--,2
#NAME?,2
b85,2
yos,2
mbk,2
b1,2
n-8,2
textClippi,2
656,2
_CLASSES,
mhl,2
_Describe ,2
lks,2
yme,2
hkc,2
ju5,2
815,2
21p,2
alv,2
se1,2
_Business ,2
nia,2
psf,2
#NAME?,2
c,2
SEX,2
 sex?films,2
wab,2
_Le Quatuo,2
cyc,2
tmt,2
hma,2
huk,2
NK2,2
_DOSSIER C,2
BNF,2
jl3,2
tbc,2
MAPIMail,2
fb8,2
ado,2
AH2,2
sil,2
u87,2
boi,2
gel,2
bod,2
nfr,2
nys,2
 for -09-1,2
437,2
mie,2
RG3,2
seg,2
24n,2
o's,2
_INSIGHT-T,2
gae,2
RS7,2
gfj,2
vtt,2
tsu,2
CMB,2
DM2,2
tyb,2
suc,2
0nt,2
nit,2
emi,2
1--,2
ig,2
38a,2
mcm,2
pjg,2
sd,2
no4,2
rp2,2
25e,2
AR3,2
UM2,2
273,2
tu6,2
psc,2
bvm,2
2cw,2
smb,2
DP2,2
csc,2
NAB,2
DB3,2
VB,2
e-4,2
r-7,2
jmc,2
directory,2
isi,2
ild,2
brc,2
sau,2
jn8,2
n6,2
vpc,2
CMF,2
kn,2
ego,2
lem,2
ES5,2
 Mary At M,2
nv7,2
kt1,2
rof,2
cws,2
uet,2
 Titre,2
ebo,2
_Class not,2
CF2,2
qwl,2
bjb,2
ptg,2
oms,2
CH8,2
era,2
dimg,2
144,2
buc,2
1ap,2
a6c,2
FID,2
sae,2
QQA,2
1-Step,2
kfc,2
EFE,2
lcb,2
aqp,2
30p,2
430,2
nue,2
sdc,2
ute,2
lco,2
p85,2
OPS,2
presnt,2
_biobiblio,2
kla,2
owa,2
2en,2
s-d,2
ISS,2
hky,2
Gï€©,2
rb2,2
_Chronique,2
CALQ96,2
 4-93,2
fte,2
orp,2
DA22 - Lig,2
RE  Call-O,2
3A,2
685,2
nnn,2
nns,2
UGL,2
esh,2
THR,2
nj,2
nk,2
pdf_2,2
_Lynne,
jes,2
glo,2
02-Aug,2
320,2
bct,2
pt4,2
bth,2
706,2
_GeneviÃ¨v,2
kun,2
kf,2
8th,2
erc,2
rhw,2
#NAME?,2
de2,2
6in,2
eb2,2
mjl,2
nti,2
o'n,2
l84,2
nse,2
06-Sep,2
pbr,2
enn,2
378,2
xsl,2
__,2
iry,2
hg,2
shf,2
au7,2
ove,2
_011,2
tw,2
apn,2
INW,2
n3,2
_jpg,2
atn,2
indexDates,2
ety,2
Sï€©,2
r2d,2
gse,2
w_s,2
nsk,2
esb,2
LRO,2
gdr,2
m94,2
ows,2
loo,2
ece,2
313,2
OMP,2
oro,2
example,2
zen,2
b_5,2
uar,2
ba2,2
293,2
23d,2
ypt,2
#NAME?,2
rna,2
pdf_1,2
jbf,2
part,2
npy,2
bq,2
up3,2
urc,2
cwk,2
ulo,2
srd,2
p2vr,2
s5,2
s-4,2
ypo,2
ni,2
kv,2
thb,2
d40,2
vl,2
9--,2
04-May,2
osu,2
rsh,2
KW1,2
npq,2
4B,2
f-5,2
e92,2
i-e,2
VR1,2
ZK,2
xsn,2
nba,2
nrk,2
bno,2
sud,2
rt4,2
oom,2
dotm,2
PKE,2
rs8,2
mff,2
Harper Gov,2
ndy,2
csm,2
xz,2
jht,2
amj,2
-89,2
np4,2
253,2
pn,2
ga2,2
nca,2
vsm,2
uth,2
07-Aug,2
nut,2
rim,2
nde,2
nar,2
#NAME?,2
bcp,2
_grant ap ,2
_AA MainSt,2
APU,2
5in,2
ior,2
06-Mar,2
aly,2
fus,2
bfd,2
av,2
BB2,2
bos,2
h-e,2
v9,2
m98,2
DDH,1
 list,1
bratten,1
_Bob Baker,1
1334,1
drt,1
_507-649 g,1
_Sandy,1
SLS,1
_LE ROSEAU,1
_scÃ©nario,1
_Elizabeth,1
ETR,1
MT2,1
FCO,1
_Helen Hen,1
TLG,1
_QALï€¢bio,1
_Lieux cac,1
_207,
_Tim Epp 2,1
_PDF or da,1
UOM,1
_David Gor,1
_Le Passeu,1
48 - Photo,1
gnl,1
1536,1
_3843,1
zap,1
_L'Ennemi ,1
2UP,1
WEB,1
Final,1
29 - Photo,1
7b00917,1
jsonlz4,1
_AI-SYRIE,1
4p,1
 Consolati,1
_Transbec,1
_GG-12-11-,1
_exit,1
STH,1
sog,1
gs4,1
_SRC,1
Apr-11,1
_Rolf Lohs,1
04-Aug,1
_HermÃ©neu,1
Mar-22,1
 de L,1
_TrinitÃ©s,1
pcz,1
181734,1
_BlueHoriz,1
353835,1
_Classroom,1
195,1
_Note on t,1
_billetï€¢,1
4HF,1
aaa,1
_No justic,1
_Wakefield,1
wst,1
24307,1
_SOCAN&BMI,1
SI2,1
_Robert Co,1
_Portugal,1
_PDR UBC r,1
DA7,1
_Madeline ,1
_Heffel,1
_Whitehors,1
06-Aug,1
NC1,1
HH,1
N06,1
PM5,1
_000 A PAT,1
png-w=280&,1
787,1
JNC,1
_DNG,1
Black 2,1
w4,1
298,1
_Last chap,1
tkr,1
zz_md5fast,1
2010,1
_Old mater,1
_426 WINTE,1
_Custom Di,1
_Classes o,1
_Class 6?7,1
GI0,1
_H-Hour Te,1
354317,1
SI1,1
1565,1
_AA,
_First 22 ,1
_002,
_Late chap,1
_Talk to M,1
_TO OTTAWA,1
_Farrow Pu,1
DA2,1
xls=,1
QBW,1
warc,1
 _Gr_Comp,1
RB0,1
mime,1
_Å’dipe,
_Dans la C,1
_POPE-film,1
_Page-tire,1
_Intro-Tom,1
_Balcetus ,1
1561,1
951,1
_Malo,1
la4,1
jpl,1
_PoÃ©sie a,1
_LECTURE-P,1
_Louise,
HMH,1
CP4,1
SHC,1
KRK,1
_Teaser-le,1
compressor,1
after-cras,1
_Recommend,1
_Ebay,1
CEA,1
dsn,1
speechCOP,1
14M,1
NC0,1
KIT,1
w8,1
PO2,1
~vsd,1
9b03691,1
7YK,1
YDR,1
dlg,1
SH~,1
pm6,1
376,1
1566,1
1523,1
_3875,1
dwl,1
696,1
AEF,1
_Canadian ,1
_Alberta P,1
NEA,1
_discours,1
_lumiÃ¨re ,1
_Christoph,1
_Tim Corli,1
355996,1
_226 – Cre,1
_Lina,
 Laval,1
IB,1
495,1
592,1
HIV,1
992,1
GPB,1
michael-ig,1
_pamela,1
riding div,1
fsif,1
dup,1
_Å’deM-3,1
_4e Dans l,1
_LYNNE 3-9,1
_Muhammed,
_Carnet d',1
_-uns,1
_Howard?,1
_Blackboar,1
 to Canada,1
OLDcopy,1
letterhead,1
_Insight-p,1
_A-1-baby ,1
TSB,1
_Le Devoir,1
_Egoyan es,1
735,1
_Passeur,1
_Visa-Saud,1
rÃ‰p,1
_FO-LUNCHB,1
_07 REGIST,1
_Lynne,
606,1
0_The_MHC_,1
mcw,1
51E,1
HGP,1
OIR,1
OTI,1
_Clinton?f,1
224,1
rnl,1
_BOOK,
_Axwï€¢Cha,1
_Silence,1
_Chahin-Ju,1
_MAGDALA,
_TELL JAWA,1
_Abraham d,1
_EGOYAN 4,1
_Canada da,1
_Food?bott,1
_snowwhite,1
801,1
_2,1
418,1
36 - Photo,1
_LIFE-BRAI,1
_INSIGHT-C,1
_IN-Harris,1
_chicks,1
WK9,1
425,1
893,1
PDI,1
Mar-24,1
_A1-Toront,1
_BEAT,1
_Suicide-B,1
_forAleen,1
_US&Canada,1
_mad cow,1
_bangerbro,1
_NR-nuke,1
_nr-laurie,1
_Dalton ?,1
_FAR East-,1
_Callas-AR,1
_pool,1
j2l,1
JNL,1
JPN,1
r12,1
_EDITED,1
26M,1
Dec-07,1
3PP,1
_503,1
_Grubisha,
dms,1
_Trash,1
_L'Unique,1
_Redemptio,1
_Journal d,1
_Lynne,
_Eugene Ro,1
_AI-UK,1
_SEGMENTS ,1
_facture A,1
_200153971,1
_IN-BRITS-,1
_FA-SHOE,1
_Filmstrip,1
_Beauty,1
_MO-blockb,1
_4e de cou,1
_Work-Spri,1
_Insight?J,1
01-Apr,1
_LAMENTO-2,1
Regina Byp,1
_Megan app,1
_Class Sch,1
DEU,1
0_Filled_i,1
XRP,1
_eml,1
DTR,1
RAV,1
journal,1
406042,1
97426,1
_Les Dala,1
_DMA candi,1
_Creativit,1
_CHOVRELAT,1
_Lynne,
_Du hasard,1
_Le Nouvea,1
E-R,1
1556,1
4DE,1
paul grood,1
_Time for ,1
_troi,1
AL0,1
_cindy,1
_silver se,1
353834,1
_Megan syl,1
_INSIGHT-H,1
pdff,1
 premiered,1
J1,1
NAP,1
Abdalla_Mo,1
_How we ed,1
_Saint Age,1
_Groups,
_Introduct,1
_Nous,
_CVï€¢Pres,1
_groupesï€,1
_A,
_Life-Ange,1
_mo-recycl,1
_ObscÃ¨nes,1
Jan-06,1
9MA,1
_YUGOSLAVI,1
0_Further_,1
_candy-can,1
GAP,1
td4,1
damaged,1
QRY,1
to$,1
spv,1
NPR,1
 Report to,1
_H-HOUR LA,1
6B,1
_A fight b,1
_CALQ-1997,1
_projetï€¢,1
_SCIENCES ,1
_Lynne 8-3,1
_Laurie,1
_merci-lib,1
rtf copie,1
_Presseï€¢,1
_Magord,
_Chahin,1
fan,1
_amrobicha,1
_Auto-cens,1
Thesis,1
_AI-FRENET,1
3-J,1
_Lise,1
377,1
_Karluv Mo,1
RAU,1
1557,1
1553,1
 La littér,1
P Relocati,1
_superhero,1
_Fw-Whyago,1
_soc,1
1550,1
_women &ca,1
pspimage,1
octobre201,1
autosave,1
_in-peggy,1
IME,1
gs1,1
901,1
Grecco2015,1
XPI,1
gs2,1
_Kevork e-,1
_cutie,1
_SUMMER '9,1
_Bod-Sol-g,1
G#2,1
ipes,1
NCP,1
_Additiona,1
396,1
_08 Additi,1
_McGillï€¢,1
SPD,1
Mar-24,1
Oct-00,1
_COM-14-07,1
_Raoul Bou,1
_AGIR,1
_Netanyahu,1
_Title 1,1
_Gun-Conte,1
_accountan,1
_Seuils,1
_Trois-Riv,1
_Sables de,1
_Bellemare,1
_Intro-Whi,1
_CAï€¢CAT,1
_Carmen_El,1
_JEN,1
_br,1
_texte,1
_PROJET My,1
_lettre mÅ,1
NW1,1
_Visa-Jord,1
_Projets 1,1
_Roman,1
_Vltava,1
_EMAIL cla,1
hsr,1
DPO,1
RO0,1
 McNally B,1
GAU,1
E-1,1
69,1
skr,1
 Wanda Woo,1
43 - image,1
993,1
602,1
GDL,1
c94,1
APRIL,1
_intertitr,1
_Adele 3-1,1
LGE,1
_75 Artist,1
LG1,1
_Lydia Ada,1
_Naxos roy,1
w94,1
130982,1
_wfy,1
_CORN,1
_Harris,1
_Food?Wine,1
_stockchar,1
_string,1
_cold weth,1
_Carmen e,1
_226,
_Maimi Dol,1
CND,1
1552,1
_Coursepac,1
1525,1
_Contents ,1
_003,
_Into the ,1
_Class 6-7,1
AUT2006,
DUS,1
OC7,1
EWL,1
+février,1
KEL,1
375,1
asl,1
la2,1
indb,1
_COM-15-10,1
upr,1
_Fadi Haro,1
1549,1
we've got ,1
_Å’uvrer d,1
_Lise 23-8,1
tele,1
E-P,1
E-L,1
_Sarajevo-,1
_fishnet,1
_L'APPEL D,1
oem,1
_Puzz-main,1
sdb-journa,1
_A1-PRISON,1
_GALLERY,1
_A1?BRIT-E,1
_Wallpaper,1
426,1
Susanna fi,1
Jun-02,1
_Morningst,1
_Brenda Wi,1
 matièr,1
 MARIE (1 ,1
_Matthew E,1
May-06,1
_Laurie To,1
_Lecture o,1
_Jared Mil,1
fcpcopy,1
US2,1
OBL,1
_Draft TWO,1
_AAA Chang,1
_Reading l,1
NC2,1
 Museum Ma,1
#NAME?,1
mai2005,1
fs3,1
Mar-08,1
Apr-12,1
JUNE1198,1
Nov-00,1
WIN32MANIF,1
w56,1
50M,1
ADC,1
695,1
Spotlight-,1
AUC,1
FU2,1
FY,1
la3,1
C38,1
_Trips,1
_Kellie Wa,1
625,1
97425,1
xlk,1
COR#FD5E7,1
W12,1
H?,1
ZZO,1
ix5,1
501,1
24F,1
_Harris li,1
HQU,1
cpgz,1
_fant 2,1
_Slavia,1
_4Ã¨ ï€¢ Q,1
_MARTIN-bu,1
_Hariri,
_Lamento-1,1
_INSIGHT-U,1
_Mr Safa,1
_Anwar Yas,1
_HEART-Bic,1
_Audio,
_Devotion,
_David & t,1
_Running N,1
_Archive,
dwl2,1
Strong,1
gs3,1
DA4,1
QBX,1
_226 WINTE,1
_IN-Refuge,1
_226?426 V,1
_David-art,1
_INSIGHT-M,1
_Fantasy a,1
_IN?HARRIS,1
_Ticket-MA,1
_Dylan,
Risk Premi,1
_NEW YEARS,1
282,1
RIB,1
1tif,1
ENU,1
_dope-INSI,1
_FYI?Paren,1
3YR,1
_abebooks,1
_Bio-UBCCH,1
_Hand-Cont,1
ESM,1
Susanna Mo,1
TME,1
NEV,1
_Halloween,1
1048,1
bergeron -,1
_UNÃ‰Q,1
978,1
_LUC ET LE,1
_PROJET Â«,1
gif-m=1303,1
0&cj=1,1
pry,1
_MO-virtua,1
_Bruce Wes,1
_bodynmind,1
_Muhammed ,1
_Muhammed-,1
_MO-Star W,1
mkv,1
_ENT-garth,1
ED3,1
v3s,1
sqlite-shm,1
HOW,1
UTL,1
DCF,1
_CONDO-SCA,1
w7,1
jy,1
_New Lectu,1
HEM,1
2teekaa,1
10I,1
 Textual M,1
 JAPANESE ,1
w3,1
r20,1
w2,1
sll,1
_Life-nove,1
1548,1
1541,1
_Ã€ PIERRE,1
_L'Aigle,1
bergeron (,1
_Adele 25-,1
_Lauzon II,1
LSY,1
D'O,1
DE0,1
_oo,1
ftn,1
msif,1
ac3,1
_hoots,1
OXF,1
595,1
dfont,1
fp7,1
T_AQ1DQm,1
textClip,1
fmp,1
la5,1
embargoed ,1
_jan,1
_mail,1
_Wine,1
1526,1
_NR-front-,1
JULY1600,1
1531,1
1532,1
1564,1
xxh3,1
331,1
aspx-did=2,1
_Alex Fish,1
_Context -,1
C&E,1
jpg for Ji,1
354994,1
amt,1
OIE,1
CORR,
fseventsd,1
TemporaryI,1
STMX,1
inj,1
792,1
G3,1
Q'N,1
IPC,1
MML,1
H2,1
tu7,1
td1,1
upg,1
pnk,1
doc2,1
1547,1
fp5,1
_UBC Books,1
_Livia Gho,1
_Moorhead ,1
_MYC fest ,1
mb1,1
FOU,1
TFU,1
YVO,1
 Bête huma,1
GIE,1
ix4,1
ogo,1
cee,1
bee,1
UDF,1
_BOOKS-fem,1
_Aguilera,1
_UN-BREAKU,1
_breast? e,1
_ARTS FRON,1
EN0,1
_Writing S,1
_beyrouth,1
_Fw- 1st t,1
_LITï€¢PSY,1
_VERMEIL,1
_CIRCULAIR,1
_BEIRUT,1
_pop popey,1
_Sous le c,1
_Gamma,1
629,1
WON,1
_L'Ã‰CRIVA,1
_Atom Int ,1
701,1
913,1
MR9,1
_Jabbar Ya,1
_Desktop F,1
_Adele,
_L'Ã‰trein,1
_Beauty2,1
_ChrÃ©tien,1
_RAPPORT B,1
_Farador_F,1
WK7,1
_Mark Laws,1
_Magnifica,1
_Libraryd4,1
lausman,1
LG0,1
1522,1
1563,1
900,1
GG2,1
krys2,1
BD301C00,1
fran_aise,1
ple,1
tu3,1
mix,1
exr,1
la6,1
jpg-w=273,1
Levinson,1
Claudel,1
_Neil Weis,1
_Jonathan ,1
textdoc,1
P REALIGNE,1
morgan,1
1EN,1
93184123,1
1551,1
Aime,1
dsg,1
C_,1
1554,1
_JosÃ©eï€¢,1
Dec-05,1
_PROCHE-OR,1
_Estuaire-,1
_JEU,1
_Kingston ,1
_EXOTICA,1
_426 – Cre,1
_Email Mig,1
O91,1
_9079,1
_bl,1
_TRAVEL?Lo,1
_HEALTH_VI,1
xltx,1
_tgr-wife,1
_fa-FUTURE,1
_bang,1
PANE,1
_WORK-fall,1
_BIZ-Phone,1
9A,1
_Allegra Y,1
MAY0995D,1
Apr-21,1
wrn,1
$ITRXC8D,1
_Stanley M,1
FEU,1
MBO,1
DO-,1
D-L,1
-2pdf,1
EVU,1
_Pre term ,1
_Note,
_Acanac re,1
_BNQ,1
_SOCIO,1
_Adele 3-9,1
_POITIERS ,1
_Cantique ,1
_CdAï€¢Bou,1
_Adele 2-5,1
_4eï€¢tort,1
_Pozier-20,1
SOU,1
la1,1
BPS,1
little,1
Apr-06,1
_AAA,
_My first ,1
_The Dynam,1
_Exercise,
BLU,1
W13,1
226,1
500,1
dbo,1
_TAMS-TAMS,1
_Pozier 12,1
KS0,1
_Cecily Br,1
pkr,1
Signed CFA,1
_LidovÃ© N,1
DK1,1
Mar-23,1
Geotechnic,1
_SA,1
FEB1494,1
_First Cla,1
JMQ,1
194,1
KR2,1
1335,1
733,1
1534,1
sqlite-wal,1
p7m,1
693,1
SPW,1
LCH,1
15j,1
xspf,1
_movies-GO,1
_hanger,1
RUF,1
S04,1
tbp,1
ithmb,1
QXE,1
Power Supp,1
6A,1
1555,1
DAA,1
PCR,1
JCB,1
_09 Textua,1
BEV,1
BCE,1
PEP,1
_Fw-Wherec,1
french,1
_Deleted s,1
_Fwd- Cold,1
_copyedit ,1
 Additiona,1
agh,1
 KOSOVO Bo,1
_Mo-FantAs,1
r17,1
_Dear Rose,1
_The Timek,1
_A1-sexual,1
 Présentat,1
_AR-A-17-b,1
_missel,1
 KOSOVO Hi,1
_Food -Smo,1
r16,1
nfb,1
357654,1
_Hockey-vi,1
_Context f,1
_IN-electi,1
_IN- July ,1
_Bellucci,1
_D-Link-FI,1
_IN-libera,1
_MOVIES-yo,1
_ royal,1
_FYI-Writi,1
_NR-olympi,1
0CT,1
_Ticket-DJ,1
_safacial,1
MXE,1
_FATLADY S,1
302,1
0_Know_You,1
_neglig,1
1558,1
GRD,1
_WCMA 2014,1
hqx,1
_Coolguy R,1
_207-407 m,1
1524,1
_AH-CHILD ,1
_lettreï€¢,1
113172,1
_Ressource,1
_mur-juin ,1
_Maddin 1,1
WNF,1
E-0,1
C?,1
JPM,1
2218171,1
tu4,1
_GÃ©rald 2,1
814,1
rct,1
_Suite,1
_Rayne,
_Fraser Li,1
SBO,1
t213,1
telef,1
WYL,1
b letter,1
_Arabesque,1
_expo-otag,1
HRP,1
fig,1
_2014-15,
502,1
USU,1
DUE,1
C03,1
r11,1
LRS,1
png-w=660&,1
_Dave Goss,1
_Note to B,1
_001,
_Small cha,1
_Page 57,
_First not,1
W11,1
294,1
115302,1
327,1
_Miletus a,1
_CVï€¢DH -,1
_Le Sabord,1
291,1
MSSTYLES,1
_KAFKA,1
_Person 1,1
_SRC-21 ju,1
_dossier -,1
DEFAULT 57,1
ASSETM,1
_Writers U,1
FINALdoc,1
POU,1
EXPLAIN,1
CORR,
_107 2012-,1
_309,
May-03,1
Nov-00,1
WK8,1
cys,1
_ï€©,1
UK1,1
DIARY,1
994,1
DOO,1
_507-649 t,1
 Marcus (T,1
1539,1
fb4,1
r14,1
LOR,1
_Kevin May,1
214,1
1540,1
_EB Marks,1
HTC,1
scrivx,1
vga,1
_ARCAND,1
_AI Indexï,1
_DENSITÃ‰ ,1
_KHIAMï€¢I,1
L?,1
IF-,1
doc 1,1
_GesÃ¹,1
EFF,1
JJC,1
_BILAN CCT,1
2010),1
ogv,1
_H-Hour At,1
_74 Artist,1
_MÅ“bius,1
_QALï€¢Fac,1
_oratorio ,1
_Suhaï€¢Ot,1
_Egoyan In,1
_Jouffroy ,1
_Lettre-Yv,1
_CANTICLES,1
_Lynne,
_Carnets,1
_Adele,
 M,1
_Paris-inv,1
VOI,1
_LECTURE (,1
RO1,1
_HermÃ©,1
_Dans le j,1
_Devoir,1
URQ,1
_Denys,1
2JA,1
mozlz4,1
mkt,1
_QALï€¢Red,1
_Professio,1
_Coinciden,1
Wexler,1
_Silke,
_New Excer,1
_TESTAMENT,1
_Factureï€,1
_0 AGENCY ,1
_LIT-PSY-2,1
_Tim Epp,1
_citations,1
_First Exe,1
QBM,1
mpk,1
_Manuel,1
_COM-10-07,1
_NERVAL,1
_L'Uniqueï,1
list,1
w5,1
_CVï€¢VLB,1
