file_count,extension
34499095, gif
12913388, xml
8197415, jpg
7744829, sml
7577414, pdf
2045662, raw
715509, tif
296101, oa3
134732, doc
103009, htm
52016, html
46796, wav
41931, mp3
40342, docx
40239, txt
39927, bmp
32816, swf
31181, xls
25429, lmx
20008, zip
19091, class
15238, epq
13441, js
13353, mp4
13088, xlsx
12289, rtf
10926, suppl
9904, mov
9037, png
8910, abg
8662, avi
8324, ppt
7870, dat
7599, mpg
6655, aif
6611, cab
5672, page
5623, tiff
3724, exe
3400, pptx
3332, dll
3107, jpeg
2896, ini
2381, dib
2171, x32
2021, db
1822, fig
1759, inf
1656, drv
1593, phd
1456, asc
1425, swa
1157, onx
1138, kmz
1039, ani
1009, dxr
994, css
977, eps
906, vxd
895, eks
864, format
823, csv
808, lcp
792, epv
758, icns
728, flo
714, kml
684, bmr
648, wmv
638, hed
633, bak
622, bin
596, jar
562, pge
558, pm
546, api
523, flp
494, template
472, pic
464, ico
434, mht
416, hdr
415, cat
398, xml_dtdchange
393, lst
371, fba
364, gz
354, fb0
344, wri
339, ds_store
335, cxt
322, mno
318, px
312, al
312, nls
311, val
298, pfb
298, pfm
296, tst
295, grf
282, xg0
282, yg0
280, cct
278, abt
270, ex_
254, hlp
254, log
247, lib
222, ins
215, grx
210, xg1
210, yg1
203, mol
195, ps
195, utx
195, xtu
181, pdb
180, rar
179, ddd
179, did
177, cer
177, mpeg
177, nld
176, dig
176, wma
174, mdb
173, pl
172, pdd
169, ttf
167, nwk
163, dcr
162, dbf
160, new
154, wld
150, ccj
149, fbd
148, avx
148, fas
148, inx
146, h
145, dir
139, psd
138, r
133, boot
127, cdx
123, pkg
121, stp
120, pod
119, cnt
119, fpt
118, dl_
116, epm
116, wassessment
116, wquestion
114, ocx
111, bundle
110, svg
108, config
105, id
104, vus
102, dxf
102, idx
102, mb
101, cst
100, pdx
100, plist
98, gid
98, tag
98, tre
97, lng
97, vbx
96, htc
95, fbf
95, lid
91, a4r
91, fbe
90, sgm
90, url
90, xg2
90, yg2
88, lic
86, std
85, fasta
85, rsd
85, rst
84, bat
84, lsr
84, syd
83, syx
82, cmp
81, msf
81, nex
80, tgz
79, m
78, bs
78, dwg
78, exp
78, x
77, msi
77, ndx
76, tpl
73, m1v
71, fla
71, x16
70, bed
70, trn
69, z
68, tar
67, plc
67, scm
65, bz2
65, 000
64, cfg
64, dbr
63, bik
62, thd
60, cif
60, grp
60, tlb
58, hw4
58, tab
57, ddb
57, fbc
57, properties
56, hwn
54, otf
54, xg3
54, yg3
51, fbg
51, stc
50, fast
50, tbk
50, tsv
50, 1
49, pse
48, apl
48, reg
48, tmp
47, iss
46, ent
45, jbf
44, mmm
42, chm
42, fmt
42, xg4
42, yg4
40, dot
39, asm
39, m4v
39, wmz
38, cnf
38, ods
37, fbp
37, lb0
37, ldb
36, c
36, fbs
36, index
36, src
36, xg5
36, yg5
35, aicon6
35, dbd
34, dic
34, qtc
33, mst
32, enc
32, lix
32, lsf
31, cs
31, wpl
30, mpp
30, phy
30, pps
30, qdat
30, vmp
30, xg6
30, yg6
29, fa
29, mso
28, aln
28, cys
28, f6p
28, rcm
27, fbj
27, fst
27, lnk
27, py
27, xrf
26, cdt
26, fdt
26, ifp
26, l01
26, l02
26, nib
26, n01
26, n02
26, pft
25, conf
25, dah
25, dal
24, cyto
24, f6s
24, oc_
24, xg7
24, xg8
24, yg7
24, yg8
22, dtd
22, dxx
22, init
22, its
22, prj
21, and
21, ctf
21, cur
21, lba
21, parent
21, wcm
21, wpd
20, cac
20, hts
20, prc
19, a05
19, a09
19, sif
18, bag
18, dbk
18, ibk
18, old
18, ssh
18, strings
18, xg9
18, xpi
18, yg9
17, a07
17, fbx
17, gtr
17, mml
17, pir
17, psp
17, rm
17, wrd
17, xsl
16, a01
16, a10
16, enl
16, fot
16, gpr
16, inc
16, nav
16, olb
16, sas
16, wig
15, fbv
15, map
15, msg
15, 001
14, a08
14, di_
14, dil
14, fbu
14, mdl
14, nb
14, sfk
13, cgi
13, daw
13, fbm
13, hqx
13, md8
13, rsrc
13, six
13, tan
13, tbl
13, u32
13, xib
12, acv
12, cpr
12, csp
12, fbh
12, gpk
12, ipj
12, ix
12, mnu
12, mop
12, out
12, rcs
12, sps
12, wmf
12, xga
12, xgb
12, xgc
12, xgd
12, xge
12, yga
12, ygb
12, ygc
12, ygd
12, yge
12, 7z
11, atr
11, ex2
11, rt_
10, asf
10, bngl
10, btr
10, cyp
10, dmg
10, dsp
10, fbn
10, f60
10, hsc
10, lck
10, mat
10, nxs
10, qt
10, zdt
10, 386
9, art
9, as
9, dict
9, dis
9, emf
9, ind
9, mac
9, par
9, res
9, sdf
9, tmb
9, trt
9, typ
9, xmo
9, xsd
8, arv
8, bst
8, ckb
8, ckw
8, cty
8, do
8, epb
8, fam
8, fo_
8, fts
8, hmm
8, idl
8, lex
8, md_
8, mdx
8, ovr
8, sid
8, sld
8, tit
8, tt_
8, tv
8, vb_
8, wip
7, afa
7, apm
7, a03
7, cp2
7, dct
7, dlx
7, fby
7, fit
7, fon
7, fpr
7, frm
7, gff
7, gtf
7, hpf
7, ihe
7, irt
7, isu
7, oud
7, sta
7, the
7, vst
7, v12
7, wdz
7, xyz
7, 9
6, bdef
6, btl
6, en1
6, en3
6, fbb
6, fbi
6, fdb
6, fna
6, gpd
6, mcd
6, ohe
6, ort
6, owl
6, ply
6, ptt
6, rdata
6, r32
6, sbk
6, shs
6, ssi
6, sto
6, tex
6, tfw
6, toc
6, uc
6, w32
6, xgf
6, ygf
6, 118
5, abs
5, au
5, bas
5, cel
5, chr
5, cmd
5, cpp
5, cwt
5, en5
5, fbq
5, fbr
5, flt
5, fsa
5, f6q
5, gml
5, hsh
5, hwt
5, img
5, lsp
5, mca
5, mid
5, mom
5, msk
5, net
5, noi
5, opx
5, osx
5, ppz
5, shlb
5, shlib
5, smi
5, tl_
5, txtn
5, vbs
5, vdb
5, 2
5, 3
5, 4
5, 9801
4, (a)
4, aa
4, acm
4, ac1
4, ac3
4, addi
4, akc
4, ande
4, bkg
4, cdi
4, cfm
4, cga
4, cpl
4, cps
4, cp1
4, dab
4, dbe
4, dc1
4, dc3
4, dft
4, d2i
4, d32
4, ega
4, eml
4, fbt
4, fbw
4, fbz
4, f6r
4, gbf
4, gp
4, he0
4, he2
4, he4
4, his
4, hr2
4, hw2
4, iaa
4, ic1
4, ic2
4, ic3
4, idb
4, idh
4, i2n
4, java
4, jpg old
4, ld
4, lo
4, lo1
4, lo3
4, mega
4, mod
4, mrg
4, mswm
4, mw1
4, mw2
4, mx
4, _n_
4, ngm
4, nk-1bkgt-k7-l8-s1-a8
4, null
4, nw1
4, obj
4, oc1
4, oc3
4, odp
4, pag
4, pcx
4, pem
4, prm
4, pub
4, pzl
4, rdat
4, read
4, ref
4, rsm
4, sbml
4, sfl
4, sh
4, spf
4, srg
4, swa oud
4, thb
4, thh
4, thw
4, tnt
4, tree
4, ttx
4, twl
4, tw1
4, tw2
4, ufl
4, uni
4, vga
4, wa_
4, wp5
4, xtr
4, 0
3, ali
3, bbk
3, blb
3, bsc
3, cdr
3, daf
3, dbz
3, ddf
3, dls
3, dwt
3, end
3, esp
3, fld
3, frx
3, gb
3, ghe
3, gms
3, gmx
3, gps
3, grt
3, hl_
3, hli
3, hwa
3, in_
3, isk
3, kix
3, ls
3, lvl
3, lxt
3, meg
3, mmp
3, mpd
3, mpl
3, mws
3, m8cs
3, nec
3, nfo
3, obd
3, ol_
3, plm
3, pp1
3, re_
3, rsr
3, seq
3, spk
3, sql
3, start
3, stockholm
3, sys
3, x86
3, 002
3, 10
3, 3gp
3, 38_
2, _
2, adm
2, ahe
2, alb
2, all
2, ana
2, asp
2, beauti
2, bhe
2, bloc
2, bmf
2, bmk
2, bnm
2, bok
2, brt
2, bsp
2, b6p
2, cdb
2, ckt
2, classic
2, dbseq-sep05
2, de_
2, dendro
2, diff
2, drl
2, dsw
2, dta
2, edm
2, eng
2, expression
2, faa
2, fastq
2, fbk
2, fda
2, fdi
2, fpi
2, ftp
2, gct
2, ged
2, gex
2, gi_
2, gpml
2, graphml
2, hhc
2, hhk
2, hhs
2, hta
2, htv
2, hwi
2, hwr
2, hwy
2, idp
2, jp_
2, jpg%20
2, jrs
2, jsp
2, jtv
2, krl
2, krs
2, layout
2, lp
2, lwf
2, mad
2, mail
2, man
2, matr
2, ~mc
2, meta
2, mhe
2, mm
2, mpc
2, mrt
2, mta
2, mts
2, mw
2, mzid
2, m12
2, nexml
2, obo
2, odc
2, ode
2, odi
2, odt
2, off
2, opa
2, orig
2, original
2, _pa
2, paml
2, path
2, ped
2, pgt
2, ph
2, phylip
2, pif
2, plt
2, pml
2, pot
2, ppsx
2, qda
2, rel
2, rxc
2, sav
2, scop
2, slb
2, slw
2, smm
2, sq1
2, stf
2, stx
2, sty
2, tdt
2, td1
2, tempbak
2, toe
2, tplbak
2, trl
2, trx
2, types
2, vcf
2, vgw
2, vmo
2, web
2, wrl
2, w02
2, w03
2, xa
2, xfasta
2, xlsm
2, ~zp
2, 0 import
2, 01
2, 64
1,  plat-vorm i
1, aaa
1, aab
1, accdb
1, ace
1, ade
1, ado
1, af2
1, ai
1, amu
1, apf
1, apr
1, apr2
1, aps
1, apt
1, arb
1, asu
1, asx
1, aw
1, bash
1, bbb
1, bio
1, blib
1, brd
1, brh
1, brl
1, cath
1, ccd
1, cf_
1, ch_
1, chip
1, clg
1, cli
1, cls
1, clus
1, clustered
1, cm_
1, cmdx
1, cmmcd
1, cmt
1, cod
1, col
1, com
1, core
1, cp
1, cpd
1, cr
1, ctm
1, cvb
1, c21
1, c32
1, daa
1, dac
1, dad
1, dae
1, dai
1, daj
1, data
1, dau
1, dav
1, dax
1, day
1, daz
1, dba
1, dbb
1, dbc
1, dbg
1, dbh
1, dbi
1, dbj
1, dbl
1, dbm
1, dbn
1, dbo
1, dbp
1, dbq
1, dbs
1, dbt
1, dbu
1, dbv
1, dbw
1, dbx
1, dby
1, db1
1, db4
1, db5
1, dca
1, dcb
1, dcc
1, dcd
1, dcl
1, def
1, del
1, _dh
1, dia
1, _dj
1, _dl
1, drw
1, dr1
1, dr4
1, dr5
1, ds
1, dsj
1, dsl
1, dtx
1, dum
1, dump
1, _dv
1, egt
1, embl
1, emz
1, en_
1, en2
1, en7
1, epg
1, eug
1, ext
1, fat
1, fbo
1, fdx
1, flg
1, flx
1, fnd
1, fnt
1, fpkm-tracking
1, functions
1, f4v
1, gal
1, gbk
1, gdb
1, gdl
1, genbank
1, gens
1, gff3
1, gif copy
1, gls
1, gmt
1, gnum
1, gobpm
1, gosfunction
1, gpc
1, gvw
1, hdb
1, hi_
1, hst
1, hs6
1, html copy
1, htmla
1, html-old
1, hyp
1, ia
1, ias
1, id$
1, ijm
1, inequalities
1, insert
1, ion
1, is
1, jac
1, jjj
1, jpg alias
1, key
1, kgg
1, kin
1, kit
1, kls
1, lbb
1, ld_
1, lhs
1, lisp
1, list
1, local
1, lsrh
1, lx1
1, lx2
1, lzh
1, mak
1, manifest
1, mase
1, ma4
1, mbo
1, mbp
1, mbq
1, mbr
1, mbs
1, mbt
1, mbu
1, mbv
1, mbw
1, mbx
1, mby
1, mbz
1, mcb
1, mcc
1, mch
1, mct
1, me
1, mfw
1, mmd
1, mng
1, mnt
1, mor
1, mpg4
1, ms_
1, msb
1, msh
1, mus
1, mxp
1, nab
1, name
1, nbp
1, newi
1, nex (additional file 11)
1, nexu
1, nexus
1, nh
1, nhx
1, nlog
1, nlogo
1, no_
1, not
1, npr
1, nt_
1, ntt
1, nvw
1, nw
1, n3
1, obi
1, odb
1, ol2
1, opf
1, pak
1, pau
1, pct
1, perl
1, pgn
1, phb
1, phyloxml
1, phyt
1, pict
1, pid
1, pk
1, pop
1, pos
1, ppj
1, prf
1, prt
1, ptn
1, pux
1, p01
1, qst
1, qtif
1, qtx
1, raw1
1, rda
1, rlx
1, rnw
1, rpt
1, sas7bdat
1, scb
1, scc
1, sdq
1, seq58
1, sit
1, slv
1, ss
1, stl
1, str
1, _sv
1, sxw
1, syd_orig
1, sym
1, syt
1, s1
1, tage
1, tbr
1, tcl
1, td_
1, tde
1, tdf
1, td2
1, temp
1, tnc
1, tok
1, top
1, tsk
1, tt
1, twf
1, tx_
1, _u_f_l
1, uml
1, usn
1, utd
1, vb
1, vdp
1, voi
1, vxr
1, _v020103html
1, wll
1, wpr
1, wtr
1, xgmml
1, xmfa
1, zon
1, ztz
1, 0aa
1, 003
1, 004
1, 01l
1, 11
1, 12
1, 13
1, 14
1, 15
1, 16
1, 17
1, 18
1, 19
1, 2jpg
1, 20
1, 21
1, 22
1, 23
1, 24
1, 25
1, 5
1, 6
1, 7
1, 8
