count,extension
1,0
1,15
1,16
1,17
1,18
1,19
1,20
1,21
1,22
1,23
1,24
1,25
1,26
1,27
1,28
1,29
1,30
1,31
1,32
1,33
1,34
1,35
1,36
1,37
1,38
1,39
1,40
1,41
1,42
1,43
1,44
1,45
1,46
1,47
1,48
1,49
1,50
1,51
1,52
1,53
1,54
1,55
1,56
1,57
1,58
1,59
1,60
1,61
1,62
1,63
1,64
1,65
1,66
1,67
1,68
1,69
1,70
1,71
1,72
1,73
1,74
1,75
1,76
1,77
1,78
1,79
1,80
1,81
1,82
1,83
1,84
1,85
1,86
1,87
1,88
1,89
1,90
1,91
1,92
1,93
1,94
1,95
1,96
1,97
1,98
1,99
1,100
1,101
1,102
1,103
1,104
1,105
1,106
1,107
1,108
1,109
1,110
1,111
1,112
1,113
1,114
1,115
1,116
1,117
1,118
1,119
1,120
1,121
1,122
1,123
1,124
1,125
1,126
1,127
1,128
1,129
1,130
1,131
1,132
1,133
1,134
1,135
1,136
1,137
1,138
1,139
1,140
1,141
1,142
1,143
1,144
1,145
1,146
1,147
1,148
1,149
1,150
1,151
1,152
1,153
1,154
1,155
1,156
1,157
1,158
1,159
1,160
1,161
1,162
1,163
1,164
1,165
1,166
1,167
1,168
1,169
1,170
1,171
1,172
1,173
1,174
1,175
1,176
1,177
1,178
1,179
1,180
1,181
1,182
1,183
1,184
1,185
1,186
1,187
1,188
1,189
1,190
1,191
1,192
1,193
1,194
1,195
1,196
1,197
1,198
1,199
1,200
1,201
1,202
1,203
1,204
1,205
1,206
1,207
1,208
1,209
1,210
1,211
1,212
1,213
1,214
1,215
1,216
1,217
1,218
1,219
1,220
1,221
1,222
1,223
1,224
1,225
1,226
1,227
1,228
1,229
1,230
1,231
1,232
1,233
1,234
1,235
1,236
1,237
1,238
1,239
1,240
1,241
1,242
1,243
1,244
1,245
1,246
1,247
1,248
1,249
1,250
27,.01R
27,.01T
27,.02T
26,.03R
27,.03T
25,.04R
25,.04T
25,.05R
25,.05T
25,.06T
1,.07R
26,.07T
2895,3fr
49,7z
36,abf
1,accdb
49,adf
1305,adv
2,ai
3,arn
933598,asc
1,atp
749,atx
26,aux.xml
2511,avi
1,bak
4,bat
347,bib
39107,bin
56730,binvox
11440,bmp
2606628,bz2
4,c
208,c3d
2,cmx
4,cmz
315,cpg
287,cpg
1,cpp
117,css
689706,csv
16,czi
1212779,dat
1,data
644,db
493,dbf
2127,dcm
58,dddss
1,dep
1,dir
3,djvu
23,doc
61,docx
142,edat2
225,enf
18,eot
3,eps
29,ewb
33,exe
76,f
243,F90
342,fa
5,fasta
6980,fastq
7,fits
4,fld
1713,fq
175,freelist
1,ftz
874,gbindexes
878,gbtablx
878,gdbtable
1,gfs
19347,gif
56730,glb
2,gpx
231,grd
6,gri
82,gro
2,gsc
121829,gz
2,h
305,h5
3,hdb
153,hdf5
1313,hdr
80,html
1,i2s
4,ico
14,info
71,ipynb
2,jp2
173,jpeg
165346,jpg
301,js
71929,json
18,jsonp
42,kml
23,kmz
2482,las
56730,latk
40,laz
583,log
212,m
2,mae
1679,mat
1,map
674,md
37,md5
1,mdb
7,mdp
1,met
3,mexmaci
4,mexmaci64
2,mexw32
3,mexw64
128,mif
178,mlp
2,mmt
1,mov
7367,mp
483,mp4
6888,mpg
195,mtb
63,mubu
1,mxd
620316,nc
4679,nc4
4,ncb
2218,nef
109239,nii
7,nit
1,numbers
6303,obs
7,oeb
1,opt
2464,out
20,ovr
2,p
31,par
89,parm
29,PD0
51,pdb
2537,pdf
67,peg
1041,pkl
2,pl
1,plt
57,ply
188160,png
53,pptx
1589,prj
954,psd
24,psr
1,psx
4,pt
100,pwr
75,py
6,pyc
7669,qmd
1127,qza
10,R
3,r2b
2,raf
1,rar
151,raw
3997274,rawacf
12,rc
28,rd3
24,RData
96,rds
9,res
53,rtf
89,rtp
848,rvt
34,s7k
1,sav
73,save
422,sbn
219,sbx
4,sdf
3102,sh
440,shp
488,shx
2,site
1,SLDPRT
198,smi
174,spx
1,spv
39,srf
30,step
164,stf
18,svg
193,system
468,tck
2,tdb
5,tex
24,tfw
167,tgz
125375,tif
275,tif.xml
158,tiff
56730,tilt
76,top
2,tpl
50,trr
16,tscproj
78,tsv
18,ttf
363970,txt
10,vcf
2,vdwc
1232,vno
1,vsd
12,vsk
145761,vtk
1,w2l
9012,wav
9,webarchive
2,wmv
45,woff
18,woff2
21,wrc
3,wrw
1,wsd
193,x2d
193,x2d
193,xcp
352,xim
135,xls 
2,xlsm
1391,xlsx
619,xml
26706,xmp
158,xmu
16,xyz
68,xz
951,yaml
823,yml
1886055,zip
